fecha_actualizacion,3,2,7,10
2025-04-01,0.7856178122587754,0.8271031213978388,0.8618834632924021,0.8296027631532608
2025-04-02,0.7732272333378687,0.8867004119964353,0.9185277460781868,0.825267517883869
2025-04-03,0.7769775021792055,0.8781997116365371,0.8916693335761162,0.842744430260046
2025-04-04,0.7661507915677681,0.8672254036859934,0.892399491144079,0.8770837347718164
2025-04-05,0.7260493514267414,0.8496290184829979,0.8798944315792303,0.8385201665152813
2025-04-06,0.654210662712756,0.7539062553048157,0.8273575250582331,0.8198926596971642
2025-04-07,0.7494952184459913,0.8474110580508825,0.8657629610383062,0.7968830827901678
2025-04-08,0.8056820960400621,0.8694459722094006,0.8587883360353292,0.8712534451459142
2025-04-09,0.7732115027572529,0.8461078955414931,0.8900254429875847,0.9027858168190925
2025-04-10,0.7950310076948628,0.8709015051173863,0.8903014472730351,0.8728685462260947
2025-04-11,0.8041514917540282,0.8400954588346584,0.8847844024755496,0.8665052032088209
2025-04-12,0.6968803761804552,0.8182000745556726,0.8460178081511984,0.8254324408406597
2025-04-13,0.7777760453424674,0.7654675558682473,0.8521883470463125,0.753760340467712
2025-04-14,0.8190313983207221,0.8453767023158376,0.8546459068403188,0.8130817956893467
2025-04-15,0.7825303624382343,0.8693653428759388,0.8949744327505941,0.8437668654776994
2025-04-16,0.7701198308220232,0.8727373882102296,0.8789375100969781,0.764294399724327
2025-04-17,0.8190265284516011,0.8835422121608452,0.9109666617527508,0.792210119708999
2025-04-18,0.7923848879769724,0.8276612403927617,0.8587755498532429,0.67121558211924
2025-04-19,0.7748922680382155,0.7902598981356158,0.8202397943173729,0.7193457419637326
2025-04-20,0.8113160823488468,0.7796965329090635,0.849775925106917,0.6451876613101861
2025-04-21,0.7913523790101183,0.8234338806333741,0.8366281599564601,0.5968608716343061
2025-04-22,0.8311766756758868,0.8315907122854271,0.879879598136762,0.8236077120863312
2025-04-23,0.7988184923777873,0.834479774464754,0.8727574907841975,0.9075720381445513
2025-04-24,0.7868067141455227,0.8337696303015126,0.8775187000209377,0.8499036435990656
2025-04-25,0.7855271880892488,0.8326216413810184,0.8747748439550957,0.8501775977013271
2025-04-26,0.7280873301412025,0.8333907357769942,0.8433984133688364,0.8365636861627409
2025-04-27,0.7868005298758024,0.7512301788187175,0.7981207373143909,0.7426050779802194
2025-04-28,0.8075212172123788,0.8227071215404764,0.8417808725417473,0.7945981078087229
2025-04-29,0.8205001217574407,0.8547307749516613,0.8741300345538512,0.8127903677930504
2025-04-30,0.8174663501992339,0.8459267502965169,0.8758517968767774,0.8664978716381093
2025-05-01,0.7887534361675668,0.785723421051451,0.8681094683117643,0.8040874431904503
2025-05-02,0.7740390832794819,0.8357503901320332,0.8555358861269114,0.8125847528749319
2025-05-03,0.7989263983083269,0.7719692425118414,0.8154771656552827,0.7931833263038994
2025-05-04,0.761962098876065,0.7975350598115906,0.841289227814866,0.7948787723808379
2025-05-05,0.8007750830466599,0.8187881733352611,0.8589610924481536,0.7983038168111821
2025-05-06,0.820845380951686,0.8755225181219727,0.8888199873824448,0.8618856625629011
2025-05-07,0.8104717840526973,0.8612499518547654,0.8937172660021714,0.8305089777177512
2025-05-08,0.8279327162801615,0.8551404203435862,0.9125999031624589,0.8328372982927673
2025-05-09,0.8129924922075171,0.8493251783148839,0.8600261360767189,0.8196522683944932
2025-05-10,0.8622479448869381,0.8271088330869825,0.8852544000232138,0.8605393306911044
2025-05-11,0.834100837688303,0.740267206255302,0.8695391624863719,0.8083660159104877
2025-05-12,0.8441276635003481,0.8241380456264586,0.8558776916557047,0.8211978778134478
2025-05-13,0.8849968897924034,0.8542570247160526,0.8729591757975815,0.8844660535303006
2025-05-14,0.8683195666288578,0.7915977616024578,0.845085115728085,0.8625701421198417
2025-05-15,0.8794981374730937,0.8541918635710214,0.8708282557917408,0.8615915757398529
2025-05-16,0.8995687653702511,0.8423623881141008,0.8753607641408008,0.8717685540551408
2025-05-17,0.8638898950926519,0.8414190783265304,0.8567558678031946,0.8903036069894495
2025-05-18,0.8096344948434484,0.7343483117947585,0.841806823913814,0.7950283814850805
2025-05-19,0.8518936839057327,0.8515466547881304,0.8730948328770756,0.8043226766780458
2025-05-20,0.9148466702533671,0.8293600877883249,0.8530541631559466,0.8834556867703418
2025-05-21,0.890081679631841,0.8188670633842445,0.875251483545112,0.8622140920834499
2025-05-22,0.8794968736262645,0.810576797224899,0.8408862539268027,0.7641854514455685
2025-05-23,0.8903483262747329,0.8242015513839226,0.8625712796090653,0.8499141446595894
2025-05-24,0.8597644174495295,0.8329019429548934,0.8767886810041241,0.8119608667020934
2025-05-25,0.8168467114533652,0.7348663469223202,0.7620936150644968,0.7696676406112629
2025-05-26,0.8546830747900397,0.8557808248316728,0.8286100454798347,0.8336205695739503
2025-05-27,0.8864682778412791,0.8493795171365858,0.804648386752845,0.8509096521954947
2025-05-28,0.8656086106877842,0.8723940546888145,0.8380768937640818,0.7926892549477876
2025-05-29,0.863427927274783,0.8535748849420334,0.8806990144768898,0.6283395345511607
2025-05-30,0.8819991343054847,0.8555375432033558,0.809846524775995,0.6590248252129745
2025-05-31,0.8717363755391789,0.8048974116504094,0.8131440699428887,0.8429159033352229
2025-06-01,0.8356826222718003,0.7297637349867112,0.6168220490025236,0.803407901032333
2025-06-02,0.8327068477489474,0.8643700911516194,0.9146489839314164,0.7321966277161486
2025-06-03,0.8606063588777915,0.8343983335526775,0.8987021620925454,0.8224719301034801
2025-06-04,0.8291223394638801,0.8331065225010473,0.9140789230737352,0.8786232143940863
2025-06-05,0.8298736324574832,0.8049301231015372,0.9036026846640226,0.8840028698714651
2025-06-06,0.8145242755016302,0.8180892157210543,0.9204826490755001,0.9042964792764767
2025-06-07,0.8269867449488181,0.8013125307449676,0.9032347496627517,0.8920071662435308
2025-06-08,0.8075663585944108,0.7587918334739341,0.8408600714856416,0.8032040706366159
2025-06-09,0.856767576299408,0.7913103134737851,0.8327077114372263,0.8325626399354149
2025-06-10,0.8690423306141405,0.8159197454977487,0.9091669695535911,0.8858718380473237
2025-06-11,0.8342610116413698,0.8350839890830207,0.9028113896698458,0.8262780944395797
2025-06-12,0.843559166011371,0.8165179286833022,0.9015570452107424,0.8668823434358212
2025-06-13,0.8335036687797809,0.845320606320196,0.8906522398985116,0.8644989431897774
2025-06-14,0.8619342992997729,0.8621563194694197,0.890497851653199,0.7795877779895921
2025-06-15,0.7428556774236881,0.7943857541790741,0.8737700864701436,0.5486473335842093
2025-06-16,0.8597796226184952,0.8554304081064164,0.8622955266775829,0.5931383755386379
2025-06-17,0.8611758526324819,0.8873184431041037,0.9128142914151359,0.73218300562458
2025-06-18,0.8635771791256412,0.8525999479442331,0.8846315699158923,0.8014264264980873
2025-06-19,0.9120015256489128,0.8680826492038346,0.8666095865557093,0.42978982654947673
2025-06-20,0.861911608774393,0.8589335014417001,0.8625214055471937,0.7496090993897511
2025-06-21,0.8468260154848894,0.8684761227217369,0.878412545582702,0.9362462092570636
2025-06-22,0.8876843580155542,0.7519314793648958,0.8201082136957676,0.6543128760383881
2025-06-23,0.8137350548307534,0.8510280654485216,0.7973391691934077,0.7975699160173234
2025-06-24,0.8815342529073897,0.877623781786355,0.8921566052266376,0.7345077399936881
2025-06-25,0.8577970494695868,0.8592780415429813,0.8671716205565113,0.6991955469532818
2025-06-26,0.843054244142647,0.8702518999382765,0.9058479166059381,0.765021229306738
2025-06-27,0.8491084654094868,0.8632061083975279,0.9160949493570296,0.8143818438125493
2025-06-28,0.8422469825615337,0.8465955396298859,0.8755059110162423,0.9423563305384876
2025-06-29,0.8087285799554166,0.7853784752683612,0.8042237335534421,0.8218761750418462
2025-06-30,0.8209838076965388,0.8553479136577996,0.8668393567771455,0.8282316770636385
2025-07-01,0.8356643604520234,0.8535321932419807,0.9161235259279673,0.7737114957112387
2025-07-02,0.8585615450445275,0.8565048111501081,0.8930205173012852,0.8199521795720438
2025-07-03,0.8001553089113449,0.8766467615130081,0.8889429423183042,0.869640002723262
2025-07-04,0.799565153998712,0.8574248838783743,0.8998379373264019,0.9145740383724801
2025-07-05,0.8043236388775341,0.8491407326780634,0.898416002470973,0.8608909326531327
2025-07-06,0.7463945263352033,0.7764205632944196,0.7990519155385198,0.47175880730993924
2025-07-07,0.8291040770650233,0.8301185626905186,0.8598354904709187,0.7350207972047311
2025-07-08,0.846192756169478,0.8685501320712765,0.9007764424827459,0.8377441490088107
2025-07-09,0.8429362993974048,0.8490735420137541,0.9092274375880731,0.7025555562345742
2025-07-10,0.8738659496991488,0.8577538080364395,0.9096470831291147,0.828276567999482
2025-07-11,0.8644233155583144,0.8611246685775413,0.9015648327100574,0.6640655935050392
2025-07-12,0.8601249553616926,0.8534593503865238,0.8784132371085269,0.8935831122153681
2025-07-13,0.7647869887716945,0.7361935390964653,0.7914322065609278,0.6415810345938249
2025-07-14,0.8472534867769703,0.8469926375310878,0.8707149672265582,0.9335246745600616
2025-07-15,0.8624035728452486,0.8609393699398722,0.9088055621128865,0.9239631735804509
2025-07-16,0.8534980268772094,0.8592270239515101,0.9008680144542256,0.845056984777997
2025-07-17,0.8612189160555834,0.8561863252752963,0.9015692457569223,0.9280679440872159
2025-07-18,0.8801830319957413,0.8638086276443602,0.9042204604516401,0.6828661915169596
2025-07-19,0.8143880768582297,0.8470537957554252,0.9045366909491013,0.9569370433725729
2025-07-20,0.7714313264049347,0.7394050254678086,0.7890996187337262,0.6639552746289787
2025-07-21,0.8366480327983077,0.8585559409923522,0.8749614421444277,0.8288586175220487
2025-07-22,0.8815330200824303,0.8603870367745794,0.9008925525502325,0.8421526347459912
2025-07-23,0.8638283286415391,0.8686262889654746,0.8892502020836417,0.7942586730182308
2025-07-24,0.8549712276246875,0.8639605837273608,0.9071819144055844,0.6432416076731408
2025-07-25,0.8544762364056127,0.8789391864325483,0.8945023665194162,0.8271104122088143
2025-07-26,0.8402736549681836,0.8439230827324209,0.9052070095755134,0.8596416239502366
2025-07-27,0.781535700696508,0.7168135379666492,0.8141642356454853,0.9238194271554724
2025-07-28,0.8401216639449512,0.8563527254265227,0.8768251552175252,0.9041107373867954
2025-07-29,0.8946539009826218,0.8558845410299978,0.8896943309217752,0.9405612976406376
2025-07-30,0.8590229743048947,0.871836410519804,0.9067853716274064,0.9279858661713524
2025-07-31,0.851360803176784,0.8656795507893889,0.9091928666502279,0.9158505406561009
2025-08-01,0.8474525514953392,0.8421832373326237,0.898793020532504,0.9334684375635656
2025-08-02,0.8366126543039327,0.8627888180217371,0.9046043844856,0.7097598693820705
2025-08-03,0.8271873574817166,0.7569843350002433,0.8336464959029105,0.8569143961067087
2025-08-04,0.8342692069785728,0.8621729946860216,0.8538555612140641,0.9898782436764959
2025-08-05,0.8199340443165446,0.8604111418974075,0.9061366770293118,0.7999961346474815
2025-08-06,0.8154026567648842,0.8525775894310912,0.8904854997809293,0.9053538889968143
2025-08-07,0.8377852905170774,0.8566520364516284,0.8723855764009184,0.7441666515769159
2025-08-08,0.8259680950328953,0.8703137702746835,0.8602009320959979,0.9281335344059222
2025-08-09,0.8488970789355006,0.8620189482283305,0.8654334084768269,0.7555852053113442
2025-08-10,0.822475312202287,0.7217295542566826,0.817588237737312,0.15427117939989243
2025-08-11,0.7972169382701578,0.8658739789990302,0.8562999868035298,0.5614936489385982
2025-08-12,0.8413825824615723,0.858908689816021,0.8797317785860868,0.71730880273346
2025-08-13,0.865343351556104,0.8551352059395179,0.8812425306664136,0.669408192433545
2025-08-14,0.8514981539632303,0.8827901090652877,0.8982437049645495,0.9276764148182399
2025-08-15,0.8545512527451815,0.8517489769458024,0.882626031996224,0.8348129721257258
2025-08-16,0.8373836754523225,0.8743086640471923,0.9050698142527337,0.5450108069039561
2025-08-17,0.3850893756592423,0.4916173985633805,0.4788975554879653,0.9078667326638352
2025-08-18,0.8267715509526782,0.8694775315615708,0.8640840530821197,0.831803801763156
2025-08-19,0.8183293703149437,0.8805099139548859,0.866091925418996,0.9304040468948963
2025-08-20,0.785546993204516,0.8733009087398466,0.8455562122391967,0.8103398258504033
2025-08-21,0.8335782917221789,0.8428373108651339,0.8338615076598508,0.6573737691474659
2025-08-22,0.8275677531715577,0.8483015985639495,0.8447637201303957,0.5594563834790207
2025-08-23,0.7392505595715015,0.8292249728434231,0.7945838236435857,0.9133103434390374
2025-08-24,0.7583543951041762,0.6790817853807141,0.7637865090039663,
2025-08-25,0.7935867573158583,0.8334427987731774,0.8068784696661707,0.958345435778285
2025-08-26,0.7812283833108651,0.8550025572197788,0.8486758427652621,0.14444981099556742
2025-08-27,0.7714638474887127,0.8613284117678821,0.8344951649410207,0.002528270978714775
2025-08-28,0.7885208489487474,0.8648391308626221,0.7973793535458665,0.6060849995919759
2025-08-29,0.7682799879744473,0.8678563941598253,0.7996666241824916,0.9723168169278357
2025-08-30,0.7365259734370873,0.8682365006053352,0.7918671884451846,0.7230804215795328
2025-08-31,0.7710914543546734,0.7068544113097814,0.7682587400579173,0.8094613976559332
2025-09-01,0.7651537228448481,0.7885245685764184,0.7985838357814026,0.7579435830244998
2025-09-02,0.7915737540855765,0.8796837645166837,0.8533838294857754,0.9728400952107814
2025-09-03,0.8013028314177782,0.8620831930415292,0.8123427885229793,0.665586931184864
2025-09-04,0.8135116955640246,0.8598869216926919,0.7956059706134933,0.7083906464924347
2025-09-05,0.7883465698360185,0.8434150612903382,0.8117786591475753,0.7873228752639587
2025-09-06,0.7814686463461757,0.8617034351395003,0.8271438151270858,0.25150329106615965
2025-09-07,0.6499882804990744,0.6671480009488979,0.6441000474028671,0.46910513784819696
2025-09-08,0.7986825838008356,0.846479251745998,0.8297953233070953,0.7372068485582192
2025-09-09,0.8223525201080524,0.8534530433084502,0.8506347808309072,0.7671148566354243
2025-09-10,0.806965702887711,0.8502192686285052,0.8244453978773321,0.5242287250536677
2025-09-11,0.7554173506282146,0.8742418861615922,0.8186674567638099,0.8022137496335489
2025-09-12,0.8058749632878311,0.8627828983723109,0.8306785605046648,0.6138713930638819
2025-09-13,0.7324591637001223,0.8606559769093228,0.8231489894759915,0.36798706533920655
2025-09-14,0.7848074584889827,0.7800774160324622,0.7652672461746868,0.49606389425334674
2025-09-15,0.7973694097159355,0.8375010489186796,0.79747022650555,0.7059135004720661
2025-09-16,0.8228918354941221,0.8716512702294951,0.8143903959782628,0.8539641510046421
2025-09-17,0.820936943663989,0.8944577699938594,0.817446764092493,0.937513758257531
2025-09-18,0.7828937386984459,0.8597654108179827,0.8041054515464523,0.7450370277264777
2025-09-19,0.8020747099727101,0.8641969153878242,0.8195154879360129,0.6932128844837535
2025-09-20,0.7500229978710435,0.8672741819762034,0.7796304743826477,0.36775710049608423
2025-09-21,0.7606356883047329,0.6968291169681087,0.7857485425198669,0.7228980643175502
2025-09-22,0.7836055243966105,0.8633993828675052,0.8124185228714345,0.8447480973750111
2025-09-23,0.8138127678092062,0.8803106680085165,0.8246500072609315,0.8935685271613845
2025-09-24,0.7712902291207914,0.8556768671235971,0.771889812140244,0.5463497636383254
2025-09-25,0.7226263595144522,0.8714297036243028,0.7864700796355124,0.7724303758498696
2025-09-26,0.755497660001798,0.8692761239416946,0.7817448998803643,0.9108691274740252
2025-09-27,0.6918020383691326,0.8416791079823174,0.7756841382354318,0.8420966793215091
2025-09-28,0.6970132744273096,0.7611929046527481,0.7393936045687846,0.36933255391125386
2025-09-29,0.7888821607902812,0.8736210607041487,0.8212858927894305,0.8785641080187029
2025-09-30,0.7892622318923259,0.8491047443770063,0.7892381869491379,0.798739006458541
2025-10-01,0.7726020617616116,0.8700544975876287,0.8021018034539946,0.1496530212882119
2025-10-02,0.742521894147187,0.8866548142656225,0.8127638896213971,0.8952996817702361
2025-10-03,0.7879271035482258,0.8739501056430752,0.7992792046753379,0.8632756076780481
2025-10-04,0.6815283600959243,0.7544992259986834,0.7469502562829222,0.6598508231894297
2025-10-05,0.7996399961193832,0.7562448020211883,0.795559210791057,0.8061275969223238
2025-10-06,0.8080902394270861,0.843786695740217,0.8260540957678145,0.8978793806007009
2025-10-07,0.7795387696277727,0.8670472311893185,0.8769085313561555,0.8699781532183135
2025-10-08,0.8109193245306182,0.8627851226945074,0.9050953403116808,0.892796843395017
2025-10-09,0.8256817037935996,0.8439133346500937,0.8722130867799702,0.8993664911189555
2025-10-10,0.835750002454643,0.8528379862527617,0.8884472418141991,0.9158567514479778
2025-10-11,0.8033442437948616,0.8428997906883634,0.8865575050237217,0.7435261739579715
2025-10-12,0.7603316689404103,0.699154016816426,0.7411797541452496,
2025-10-13,0.8316893944267565,0.8368849709515742,0.8665626832342813,0.7654692596455688
2025-10-14,0.8531588861995282,0.8133564196618988,0.9106960010346192,
2025-10-15,0.806348462444369,0.8485222262704971,0.9110171496325344,0.8838373111118136
2025-10-16,0.8505851619646706,0.8657954947697899,0.9233879561613909,0.7877399206864226
2025-10-17,0.8317162516044244,0.8534581704730588,0.9212889017067393,0.830618897125759
2025-10-18,0.8368714685687506,0.8457469861071878,0.9091768600179456,0.772373576093609
2025-10-19,0.5152544247482689,0.5472319410153612,0.6493274487254865,0.94976255936016
2025-10-20,0.8154048012967752,0.8372678610891569,0.847797608729179,0.8702609729492774
2025-10-21,0.8404484752720165,0.8422564252718544,0.9170117004825228,0.3818564742554845
2025-10-22,0.7990276307588998,0.8531194220754668,0.914268573937299,0.600446061150889
2025-10-23,0.7867079614215655,0.8190150938812797,0.9071801169982381,0.9142596779525131
2025-10-24,0.807819064495445,0.8485617689114768,0.9045990067591502,0.9461527894650709
2025-10-25,0.7376913292203289,0.8500420414812029,0.8664264815372758,0.6504138536449471
2025-10-26,0.7079182520757101,0.7400513252562606,0.8599043853126349,0.6042001130529042
2025-10-27,0.7785563579958319,0.8333884266828295,0.8780776853196697,0.8139633398676922
2025-10-28,0.8470060223402129,0.8319342097710494,0.900559498306485,0.08454568271751772
2025-10-29,0.7886390595259414,0.8121640044427493,0.882401342603235,0.7075192142781177
2025-10-30,0.7846958275578766,0.8584712727732491,0.8877356752262504,0.7724298892838638
2025-10-31,0.8532500622854134,0.8359077871125967,0.8704117775524249,0.5895052214172467
2025-11-01,0.7756177751225987,0.8493469695248507,0.8835428027284998,0.8221507209401594
2025-11-02,0.6801667492077881,0.7780090323337995,0.7930079956879864,0.7626290721461901
2025-11-03,0.7999543113453901,0.8245366794712355,0.8264848588739185,0.493271894524579
2025-11-04,0.8084478477173007,0.8714643843259159,0.8576450539232086,0.790381610032576
2025-11-05,0.8224432868197514,0.876174327921342,0.8713929815268187,0.7146517953160159
2025-11-06,0.8143982164867742,0.8766659840571491,0.8599752688091464,0.7138255472833595
2025-11-07,0.8343179570230361,0.8600476201017982,0.8760217005999589,0.8851093354402609
2025-11-08,0.7753851064844365,0.8512902095245988,0.8243574548592906,0.8180267922033173
2025-11-09,0.7999075628610592,0.7667266291448694,0.8200423300492512,0.03840090738700508
2025-11-10,0.7849839010236945,0.85992960441367,0.8058938319506781,0.8300721394683555
2025-11-11,0.8305744525637864,0.8827999841022431,0.8473906516869287,0.8978229454401054
2025-11-12,0.8292669885320492,0.8835099181635957,0.8104298895309336,0.8031773230817998
2025-11-13,0.7753810583115888,0.8765018658469524,0.8161792439632277,0.8155896376791256
2025-11-14,0.7623759138769108,0.8457852851200189,0.8037793690569349,0.8986037605323368
2025-11-15,0.690977503733541,0.842242198755378,0.8028925585475649,0.9205342610774374
2025-11-16,0.7029267238655015,0.756959701775562,0.7994801762988133,0.6346952644475168
2025-11-17,0.7724221261221513,0.842639400592286,0.810996574139665,0.7898430162283051
2025-11-18,0.7907350540091341,0.8515141311692934,0.8340409266969238,0.7852653559945606
2025-11-19,0.7564360486950522,0.89018465461156,0.8077681044222242,0.8370654114723595
2025-11-20,0.7057049231613319,0.8678115194373552,0.8177296097179791,0.9409566058330671
2025-11-21,0.7793724467633232,0.8772961934765034,0.7991130267588797,0.8704026372145041
2025-11-22,0.7106173700265483,0.8677826360402614,0.7900168531370526,0.698410767172368
2025-11-23,0.6734624959160713,0.7389815976988715,0.7907355655554981,0.9076945578334576
2025-11-24,0.7233405190557989,0.8641636811820691,0.8272126442007335,0.6809697134822047
2025-11-25,0.7866239779172454,0.8886544924621367,0.8406417767754382,0.9489169648221125
2025-11-26,0.703697515504787,0.8832544802280181,0.8157369880261753,0.9011267614541648
2025-11-27,0.7145413398076443,0.881326505215283,0.8047217078691243,0.8622122610989787
2025-11-28,0.709844944851834,0.863127437105597,0.80328321736634,0.7994848596452758
2025-11-29,0.665428092316525,0.8607405719122385,0.8102369109659464,0.778787152058088
2025-11-30,0.5895274619420086,0.6972977156401718,0.7906225860973652,0.8309695010523208
2025-12-01,0.7290194424776004,0.8077963666306092,0.8178800267100365,0.8623788187647806
2025-12-02,0.7596936844954862,0.8639031270496199,0.8554323984094718,0.9692723100652376
2025-12-03,0.760234566330314,0.8680003709574464,0.8469048859123763,0.7784879422137843
2025-12-04,0.752787452347222,0.8680728059381427,0.8328123528462796,0.6238581859707271
2025-12-05,0.742208464198383,0.8281943131077762,0.8334377121210288,0.924447875703136
2025-12-06,0.72973694440708,0.8139666157720621,0.8581190313310469,0.9100730419365645
2025-12-07,0.7063502372838482,0.7405849290597397,0.7531045353075063,0.6475699963197432
2025-12-08,0.7901784623392819,0.8258584092391769,0.862429207538266,0.8601193337883213
2025-12-09,0.8376782723677645,0.8887337069511423,0.8525924633764461,0.7157421218547914
2025-12-10,0.7893556811434687,0.8724337768689986,0.8468646972031232,0.6916443719555896
2025-12-11,0.7884629006082466,0.8829607081779806,0.8482614239490495,0.8845081072215286
2025-12-12,0.79214913608365,0.8749692761525776,0.8247423283270865,0.8188570197622461
2025-12-13,0.8065229249558917,0.8345983878625616,0.8215846578760692,0.8284997564776473
2025-12-14,0.7561687620773405,0.7690738572285222,0.7878267804303243,0.7669703302304469
2025-12-15,0.7884900352891835,0.8421676521222905,0.8294821087521422,0.7671955853307129
2025-12-16,0.8517480497704255,0.8586634523218609,0.8502394814473223,0.6735175834245383
2025-12-17,0.8208833506675648,0.8698318386456726,0.8366639229682111,0.926342153403176
2025-12-18,0.7166013708428793,0.6219690452087726,0.8444599147673748,0.5910410988570032
2025-12-19,0.8106307847635685,0.5705746777303271,0.7496916991515791,0.9782755833762502
2025-12-20,0.8195921029446254,0.5918222787165968,0.9007827816287624,0.276002014821788
2025-12-21,0.7941883621096304,0.41761645623824983,0.865038862648113,0.1094160899701705
2025-12-22,0.7145423879731301,0.48145953005372344,0.8035337815008822,0.24317276302802204
2025-12-23,0.6991585799990605,0.5313002527260267,0.7791723142772186,0.23402367337496732
2025-12-24,0.7227675427772375,0.4768291632070032,0.7473839390881247,0.4967821348503879
2025-12-25,0.6210739544425667,0.3119558488143611,0.6642377224769073,0.24774587756617183
2025-12-26,0.728071110108728,0.40781086878213413,0.6807084795342535,0.23665920587578781
2025-12-27,0.7794029243736598,0.5034129599651083,0.7160563100490611,0.44200324113254774
2025-12-28,0.663661525299023,0.3923370851863818,0.6644719537484609,0.5066888712586524
2025-12-29,0.7384967028801809,0.5426780636495734,0.7493455352122351,0.3667079935626716
2025-12-30,0.796978681984955,0.5123091727964402,0.7635607193802637,0.4183053101319567
2025-12-31,0.7329542974436312,0.45397066579734224,0.8204553416653522,0.1849072433044937
2026-01-01,0.5981197464823123,0.19575432219298772,0.6310853013470088,0.10311575430162578
2026-01-02,0.692492552005938,0.3721437700352349,0.7308344255049298,0.19778357124112145
2026-01-03,0.7782381203117863,0.47952200419657376,0.784670029092287,0.6394004041718873
2026-01-04,0.7758743636528678,0.4298313851336152,0.7562235138389846,0.27778936339277516
2026-01-05,0.7741213331192047,0.5700784076869746,0.8060139058880728,0.4800135456414363
2026-01-06,0.7941850406568786,0.5942982890252082,0.8102752478378045,0.38098096032221274
2026-01-07,0.7731334848583621,0.6018842866024536,0.787845486160859,0.33907905085069634
2026-01-08,0.7830397912743731,0.5364079305077076,0.763256019201332,0.262732514839616
2026-01-09,0.7169901982004309,0.5076987702286537,0.753006912065877,0.2483534271852621
2026-01-10,0.7443658045867478,0.4539811860691334,0.7213119776224297,0.23022545845349374
2026-01-11,0.6399120863877352,0.28864769557518655,0.633501887356277,0.5130488346010279
2026-01-12,0.7299498158687088,0.52632230515452,0.7360367804557992,0.32716524263046154
2026-01-13,0.8086370702856709,0.6543912304348847,0.772261213118081,0.555785787664392
2026-01-14,0.7501832388542438,0.6400673472519052,0.7209474713689124,0.46662859210088137
2026-01-15,0.6816033457920968,0.6265491334731602,0.7218082207743614,0.679779438949085
2026-01-16,0.7568341890555146,0.6584101097956667,0.7746579205191859,0.8317827268817943
2026-01-17,0.7374003041207172,0.5827095806612019,0.7602184777507277,0.2493581518710576
2026-01-18,0.6804786594271385,0.48372714511392867,0.6969131575840875,0.2542994621682302
2026-01-19,0.7392411540100958,0.6326285158366215,0.7781097630415346,0.6093395069852383
2026-01-20,0.756022365290735,0.6217159986590635,0.7552388969486485,0.438584422594242
2026-01-21,0.7495877515220941,0.651991815388247,0.7548990457725624,0.4686449121890913
2026-01-22,0.6436718763501529,0.6392722773387249,0.7618113282462328,0.501058677303818
2026-01-23,0.7021877399285423,0.5843316102871985,0.7464903612904104,0.7384741367336861
2026-01-24,0.674541904566826,0.5551887400621435,0.7506723914018293,0.3227177748555158
2026-01-25,0.6292415822104087,0.43061502547789676,0.6919336916790229,0.24806196605310216
2026-01-26,0.74448368190112,0.6369605092892935,0.7831069382058841,0.805410694616423
2026-01-27,0.7433791146105295,0.6318658606432774,0.7651835241773407,0.5512213757860978
2026-01-28,0.6671446926636351,0.5931557946343694,0.7198344508543708,0.8370523414991355
2026-01-29,0.6866420833127849,0.607506542125346,0.727617423145414,0.7411426447942427
2026-01-30,0.6401987630917346,0.5689978828051345,0.7157616939925366,0.8859592191368254
2026-01-31,0.6425211164963658,0.5130513647738297,0.7201204327697608,0.47404022598601814
2026-02-01,0.6625108458738109,0.39130701299417414,0.7139390035674289,0.3117834437888922
2026-02-02,0.6367744218354997,0.5136677456610329,0.7264634702858221,0.5694894971961715
2026-02-03,0.6912007080928197,0.6177192766437076,0.7608046319031696,0.5567200090175526
2026-02-04,0.6682753489831591,0.5852487251343158,0.7604220533596607,0.45632001588320026
2026-02-05,0.6209979706216332,0.6062222927755441,0.7379216022703935,0.6346874876562802
2026-02-06,0.7572737608811753,0.5955932601779199,0.7333842547060123,0.6703699710076858
2026-02-07,0.6835267762440641,0.5757575356189675,0.7491549240112444,0.5241306563730506
2026-02-08,0.7220448494162871,0.4097654783930236,0.6742446074081632,0.2155245298323264
2026-02-09,0.7263354709038,0.589848260088954,0.7233490485019245,0.7048511108460401
2026-02-10,0.7243433675332551,0.6125407915772254,0.7721666776381161,0.8566949980343856
2026-02-11,0.7765094518923328,0.6330347715637437,0.757907915099108,0.8190280730943036
2026-02-12,0.8220593639302809,0.6426683910382278,0.7827837704784226,0.8475640146408454
2026-02-13,0.806853448641852,0.5844016553828629,0.827798072997426,0.41524119485422184
2026-02-14,0.8024565179747943,0.5448595602781381,0.8344356161007462,0.5792983951837082
2026-02-15,0.7774676410196956,0.3535902355300925,0.7703315148564763,0.7303015821679929
2026-02-16,0.7446244748663364,0.3825155701131081,0.7521073672625858,0.454500776089545
2026-02-17,0.6050453545240763,0.26170312951346175,0.6169995810088489,0.11036639043915009
2026-02-18,0.7326137649629159,0.5481535402855369,0.7230893347718659,0.8536250779227676
2026-02-19,0.7747449413229545,0.5852724134789762,0.7016333435915664,0.44884497822330793
2026-02-20,0.7536962727875903,0.5909860664059181,0.7171819671383266,0.9849781534736376
2026-02-21,0.7579077726958992,0.5709407316605508,0.7018571802825603,0.42282107874207664
2026-02-22,0.7121347082168656,0.4420641287881223,0.6521748014068832,0.720481693772524
2026-02-23,0.6944124109635226,0.5482248019246587,0.6818644704036569,0.490864547276737
2026-02-24,0.7433616654433416,0.5843626506601334,0.6339314797674902,0.5654858570895143
2026-02-25,0.7421271759167962,0.5746641515911468,0.6144666230303844,0.5914232909146961
2026-02-26,0.701126940548335,0.5929000386406,0.6346015645668166,0.7276454299249199
2026-02-27,0.7446404109267599,0.6434354328396237,0.7054104135640229,0.7800853317524651
2026-02-28,0.6692978198458025,0.5540164333020778,0.6461031315194063,0.656478953294267
2026-03-01,0.6520441657902785,0.4380627693925674,0.6448137896066426,0.29946183327862785
2026-03-02,0.7748980190585655,0.633482582308772,0.7381092936143321,0.9051133463029079
2026-03-03,0.826994268352981,0.6510724961018762,0.7814953607842589,0.7515341803556848
2026-03-04,0.7545626110484474,0.6704374836621396,0.7694370069896557,0.5695891092998513
2026-03-05,0.8019856558000716,0.6925762208627224,0.7687025137734725,0.6116922015043729
2026-03-06,0.7885149576792901,0.6845858099296216,0.8234492478689595,0.5556156940053216
2026-03-07,0.7605044257893179,0.6105788913656303,0.7945422929291621,0.20491655133585074
2026-03-08,0.6560927980406115,0.5181837770475859,0.7405613854185349,0.6728499365252961
2026-03-09,0.789946401213677,0.6313373538721463,0.7444592701244805,0.3061395574510506
2026-03-10,0.7700691521096545,0.6570339147951946,0.6781514590622655,0.5719983000958628
2026-03-11,0.8146032356805275,0.6613721587271468,0.7083450838928689,0.6566144459944683
2026-03-12,0.82110440722111,0.6672319629412591,0.7409350332328939,0.9240705867760962
2026-03-13,0.8447719702056316,0.665285210749138,0.7431928752226546,0.7775802133949606
2026-03-14,0.8574439263925423,0.6529797474436785,0.8008663957510124,0.5655117049141436
2026-03-15,0.7223934360607621,0.515041105881335,0.7835806379824339,0.6198412137647471
2026-03-16,0.7271776987290978,0.6463710600103106,0.769203156677568,0.7617735795723123
2026-03-17,0.8184208201243861,0.6894085643482983,0.6906569202208259,0.5472930626076526
2026-03-18,0.8318651105654565,0.6558013011297095,0.6459042605649044,0.7447079131229275
2026-03-19,0.8133221452888691,0.6131097083560102,0.6858294849317121,0.6634915162656482
2026-03-20,0.7685305593322488,0.6339315536806134,0.7671128486837825,0.5546572451383385
2026-03-21,0.7734242450131252,0.6133279145434698,0.7979030890418078,0.6259013674995921
2026-03-22,0.4177566120359628,0.2093473664715405,0.37835692774010254,0.04138517834715871
2026-03-23,0.7601146021224986,0.6635553772657263,0.7591692051934242,0.5373614359420597
2026-03-24,0.7476862086742884,0.6716596623077664,0.7345073821246115,0.5490042492529423
2026-03-25,0.6937599536208352,0.6654139153866163,0.6799030301036795,0.6828121860103047
2026-03-26,0.720635779413347,0.6376185633249544,0.6676180761515925,0.5471860203199097
2026-03-27,0.6879726386245524,0.6834509757655697,0.7035035507970202,0.7927698582511666
2026-03-28,0.7122900338052206,0.60462245761974,0.6801977999187743,0.7307470152728729
2026-03-29,0.6635231863945383,0.558324726403211,0.7190826429794263,0.3757793478710074
2026-03-30,0.719504014343177,0.6367668050313897,0.7413216801534699,0.8623418667862
2026-03-31,0.7514266546745809,0.7080935883983714,0.7614229540017428,0.6512479583223658
2026-04-01,0.6732558475351242,0.6724052120359474,0.7349544463546424,0.7505494609680926
2026-04-02,0.7738183792582278,0.6629975523717935,0.8059296791749333,0.7508291692810928
2026-04-03,0.7048764735414843,0.5451264752863437,0.7618275868809516,0.8819248489566407
2026-04-04,0.7583578544681292,0.5767506061867085,0.708042637914444,0.7242378095659128
2026-04-05,0.7616238707982254,0.5215282388955382,0.693245154655701,0.24088758888171835
2026-04-06,0.7671066565189575,0.6516671375906531,0.7766536195712721,0.32231924984727356
2026-04-07,0.7489884709763313,0.659698321232071,0.755335879400675,0.741817677998408
2026-04-08,0.7680140192816045,0.6842713974177322,0.7550335970538885,0.7791106909254792
2026-04-09,0.7360346371935742,0.707341030345981,0.7487702865217977,0.763869437003308
2026-04-10,0.7680336500382454,0.7506292913123546,0.7825189461853588,0.8605762119049165
2026-04-11,0.7520623087699352,0.7476670607889964,0.7638482721528137,0.8851098773285924
2026-04-12,0.694857695103343,0.6306047066009437,0.7115394650184721,0.8622322168447248
2026-04-13,0.76902852537548,0.699413418571578,0.757980593499315,0.9064522507194559
2026-04-14,0.7534373696321074,0.7265424311825082,0.7691651421604097,0.7714739689336947
2026-04-15,0.7412779927503688,0.7381549604872194,0.7570096999504727,0.9579012869384529
2026-04-16,0.7115925468342624,0.748845173498508,0.7663875833972331,
2026-04-17,0.74916339560519,0.7887929805041771,0.8093599114865895,0.8043396527642439
2026-04-18,0.7745522083031128,0.7779636687668423,0.8028783377085481,0.9824097589194575
2026-04-19,0.5070465291834658,0.5968791720110225,0.6700151475726632,0.6164317706034204
2026-04-20,0.7260609943819328,0.6617864369178104,0.7316732254849554,0.8310544131474802
2026-04-21,0.8140024684890768,0.8130083947683027,0.8152612564318339,0.727108172521747
2026-04-22,0.6949420723584592,0.7779385675888407,0.8012703339051791,0.47704051442142226
2026-04-23,0.6738771931257226,0.728281397906438,0.8062764040628011,0.7307603806034522
2026-04-24,0.7077034058284821,0.7895726282957716,0.8243947494147232,0.9468842249766026
2026-04-25,0.7743683375248661,0.8352261299585767,0.794948159136925,0.7990310974889046
2026-04-26,0.7449968137574889,0.7343277300569132,0.7279359237573273,0.90653157267412
2026-04-27,0.7066044803489018,0.6988701030420856,0.7467421272592805,0.49983355006002617
2026-04-28,0.7064494502719761,0.7276033103181339,0.7091125883579157,0.9362858493884957
2026-04-29,0.6783500141176173,0.7403629875304094,0.7213434249780247,0.9042460300902829
2026-04-30,0.7481553849476084,0.7726068507641793,0.7739011823455987,0.5997685875894021
2026-05-01,0.7233535002136834,0.7367754758051519,0.7555958097177761,0.75918965474768
2026-05-02,0.7387564005132128,0.7187532098581351,0.781164033820105,0.6096011000090825
2026-05-03,0.8092224973463534,0.7149011575315898,0.7158692083363916,0.07541256277901154
2026-05-04,0.736623504938144,0.7482508575499518,0.7708352278387742,0.30384357192945266
2026-05-05,0.7361462148427573,0.6867944315100163,0.7420548009145564,0.8380657867191184
2026-05-06,0.7137884107830841,0.7337949927720897,0.7779332144528245,0.15616266435131687
2026-05-07,0.7102716022409323,0.737246984706842,0.743759838177694,0.6418764089060338
2026-05-08,0.7361917579575816,0.7694587361266827,0.7654914529058838,0.7453287708277614
2026-05-09,0.751663482784565,0.7457573522223684,0.7349496092313729,0.9610954878171657
2026-05-10,0.7468723332416152,0.6348267464679849,0.6944435077553897,0.3703649145408312
2026-05-11,0.5989786746936901,0.641673474433836,0.6967400607909421,0.7443468141917874
2026-05-12,0.6761366399690973,0.6479555315183462,0.6922994171928583,0.5962697811564557
2026-05-13,0.7305714401123136,0.7404006256368975,0.7799847367771874,0.4377273616990225
2026-05-14,0.6893021317446613,0.7013139404559313,0.7523529023096226,0.8453814317718262
2026-05-15,0.7181733054896066,0.7291413994899738,0.7710334522699495,0.5337719959398985
2026-05-16,0.7334322342842818,0.725303919724662,0.7679975878510423,0.805274033558871
2026-05-17,0.7028294725752176,0.6858872512017951,0.7336557225746838,0.42350853547787315
2026-05-18,0.552964428109896,0.5321039519545687,0.6961328599119918,0.6728627748938707
2026-05-19,0.673758769503404,0.6793243396331716,0.7685157359079872,0.34977533108710757
2026-05-20,0.6992984879969675,0.6564170573018603,0.7967411187697819,0.6030120082324166
2026-05-21,0.5685892646089414,0.6350389134044585,0.7435095757264027,0.9296126835496914
2026-05-22,0.613390476031455,0.6606958349732148,0.7460298460986481,0.10904824557398296
2026-05-23,0.6793854562073218,0.6473498958257606,0.7354765370441085,0.8408167958498162
2026-05-24,0.674281984388311,0.5321464537515882,0.6473135194345374,0.8987556144613799
2026-05-25,0.6124642744123934,0.5426807914551144,0.6659918203661249,0.9559749393883012
2026-05-26,0.514022547379559,0.5611927224164799,0.5887644140978621,0.8383256648574444
2026-05-27,0.6084112646531837,0.5197980054691829,0.5589341256442386,0.11588085267501003
2026-05-28,0.5120060999941307,0.5234901402105332,0.5650767272812702,0.01854480579307316
2026-05-29,0.5858256541613543,0.5597707785364152,0.569792493164343,
2026-05-30,0.6246166090121636,0.49421782623544075,0.6232471621631591,0.3964937534967026
2026-05-31,0.6125931239978749,0.5255403376394263,0.562197345442285,0.1503379070047085
2026-06-01,0.4724450259405587,0.4480057325601903,0.5219681880055214,0.5619730853261888
2026-06-02,0.6363385300653757,0.594423584209389,0.6648702025083948,
2026-06-03,0.5249774022180724,0.5322456175754838,0.6869979443246559,0.7240875753425269
2026-06-04,0.7226694507579711,0.6090936530965563,0.6793797055190498,0.09848541561171686
2026-06-05,0.7087730876881556,0.4837634379135911,0.6856304558738673,
2026-06-06,0.6688516286835293,0.43410121339001917,0.667117498977456,
2026-06-07,0.7294958243292297,0.4976688617770456,0.706103921008261,
2026-06-08,0.5757568476710725,0.43701231256442197,0.6158753960518208,
2026-06-09,0.6801896595692795,0.5622764014126386,0.6779124028352249,
2026-06-10,0.6312688293454907,0.548567408435417,0.6220944740916512,
2026-06-11,0.5929845831212506,0.4682958629004813,0.546027831180435,0.3127344707350208
2026-06-12,0.7354018300267835,0.5951066349456559,0.5977974329067333,0.3127344707350208
2026-06-13,0.759184298853165,0.6120944655234244,0.7131273101596919,
2026-06-14,0.6433070152028846,0.539128109907747,0.6064396715484803,
2026-06-15,0.48979204133667975,0.4616606030494126,0.6278651392354708,
2026-06-16,0.6375562995745403,0.5879094654180406,0.7367151539374801,
2026-06-17,0.6211538160415012,0.6432721322470913,0.7282526869706041,
2026-06-18,0.5469688551283455,0.5531964700676422,0.5998404310416703,
2026-06-19,0.6026041537402953,0.6580601500514299,0.6796731253386841,
2026-06-20,0.7419750031459664,0.7035207558722979,0.8123679314189308,
2026-06-21,0.6259780566304022,0.6153571983010482,0.7957920746884697,
2026-06-22,0.5698244976886794,0.5193952778733957,0.5805220955680378,
2026-06-23,0.6182536822646805,0.56289975402003,0.703706247502806,
2026-06-24,0.6912206234848544,0.6597717093186088,0.7878854945324285,
2026-06-25,0.720652751227993,0.617964485902853,0.7439902449591876,
2026-06-26,0.6095639049396131,0.6111679861203818,0.7055960193028756,
2026-06-27,0.7502643040346322,0.6813206333103458,0.8171552704984932,
2026-06-28,0.7857007430351786,0.6584115081312254,0.7766816229170226,
2026-06-29,0.590152521133855,0.6499755218445906,0.7073562391033765,
2026-06-30,0.658110335176014,0.636353844170437,0.7348485770424734,
2026-07-01,0.7459708943616372,0.6820898377752784,0.7705899668603229,
2026-07-02,0.7302789292836485,0.6834865027397332,0.7825396758660358,
2026-07-03,0.7601487505387243,0.7011777377043777,0.7682562473445794,
2026-07-04,0.8211075186995056,0.7228877160303364,0.8255190740504302,
2026-07-05,0.7707406150837928,0.6651465926377771,0.7577543527543751,
2026-07-06,0.6043698325571509,0.6150260527987582,0.6601872480127626,
2026-07-07,0.7420352381424179,0.6728829013652136,0.7916632660674349,
2026-07-08,0.7512661103093723,0.6882116727236087,0.7873960716040809,
2026-07-09,0.7446708097284365,0.6442295288308577,0.6890095716521893,
2026-07-10,0.7996699812836692,0.7319859700884435,0.8185886308657792,
2026-07-11,0.8189670821825124,0.7412973998195328,0.8394733820190347,
2026-07-12,,,,
2026-07-13,0.7924150338825886,0.6845302532296387,0.7977624481881249,
2026-07-14,0.8318215102435669,0.7719181955874264,0.85021472443803,
2026-07-15,0.8138400739126965,0.7521933831898646,0.8494764658878469,
2026-07-16,0.8228027294971841,0.7058964926651798,0.8594458028219738,
2026-07-17,0.8278910282263082,0.7248070760246234,0.8358062978549846,
2026-07-18,0.8706766911403309,0.7612173368130251,0.8763939529404473,
2026-07-19,0.7993296113481214,0.7455892021310657,0.8885750010195571,
2026-07-20,0.700275828263501,0.7551304970476229,0.7871064607112634,
2026-07-21,0.7354204868629868,0.77758467345278,0.7870289008630861,
2026-07-22,0.7248084673330231,0.7380827323602255,0.8070555162052117,
2026-07-23,0.7607562635002058,0.6931793965751012,0.8018437213372838,
2026-07-24,0.6922285925683896,0.712437176418891,0.8053407792292231,
2026-07-25,0.7200503535753489,0.7627043156075082,0.766832539013541,
2026-07-26,0.7306811290268335,0.6990969132162509,0.7133367217074287,
2026-07-27,0.6445699612614874,0.6677350429449149,0.7205805994532268,
2026-07-28,0.7592067921953497,0.7038833890604934,0.8076762477940299,
2026-07-29,0.6509664074639119,0.6978333740749778,0.7894828433416137,
2026-07-30,0.6351044253962783,0.7106306375805446,0.7729320344360289,
2026-07-31,0.6556151451879211,0.6899706986759749,0.7893449367293501,
2026-08-01,0.7161226895896813,0.7345077046766512,0.7842271603220369,
2026-08-02,0.6312514439827915,0.6730552199247124,0.7833838652968721,
2026-08-03,0.600396402391433,0.6043823849832111,0.6991325565397927,
2026-08-04,0.7187191186827345,0.6776067058055909,0.7986644304731283,
2026-08-05,0.6742706469906012,0.6761295164870087,0.8066490887428099,
2026-08-06,0.6041932412588531,0.46127799448946816,0.5721401235986261,
2026-08-07,0.7394004154659939,0.7294789740449092,0.8134580639053719,
2026-08-08,0.7494692415227326,0.7532689533090479,0.683496275929498,
