fecha_actualizacion,2,3,7,10
2025-04-01T00:20:02,1286398.0271,1212242.8105,2304164.8667,1677122.7744
2025-04-01T01:16:52,1269960.1419,1183295.8705,2203775.7298,1541761.4195
2025-04-01T02:24:13,1245576.4245,1191946.6417,2132495.0837,1538191.0436
2025-04-01T03:17:05,1232266.805,1182006.4915,2113314.6031,1518236.0787
2025-04-01T04:21:57,1216771.7768,1176391.4047,2035396.6543,1504161.2025
2025-04-01T05:18:20,1211988.785,1157447.7066,2031846.9959,1481882.1927
2025-04-01T06:17:56,1197516.4596,1082571.236,2043634.5266,1413490.6525
2025-04-01T07:14:08,1067921.4448,1055939.1081,2006584.1704,1265852.9207
2025-04-01T08:33:28,1183926.9029,1024094.916,2267114.974,1374463.9366
2025-04-01T09:27:12,1166915.7395,993202.3542000001,2447784.4813,1612200.2099
2025-04-01T10:16:53,1198053.2332,1059523.8524,2623238.9545,1717965.7646
2025-04-01T11:17:57,1283654.1843,1041635.5887,2779344.8456,1647044.9957
2025-04-01T12:19:40,1274674.5144,1027606.9521,2963977.698,1632175.5281
2025-04-01T13:16:15,1387258.3827,1019077.1378,3026749.2534,1615432.2015
2025-04-01T14:21:25,1313607.2683,1055553.8483,3059660.6159,1725155.0423
2025-04-01T15:13:37,1274760.9986999999,1037703.8982,3037600.0093,1682719.6646
2025-04-01T16:18:29,1220421.7529,1054894.2564,2992134.4659,1827368.8071
2025-04-01T17:15:39,1243366.8751,1092199.0978,3080317.8065,1881794.9509
2025-04-01T18:15:51,1301533.3454,1080190.9528,2940160.2051,2041811.199
2025-04-01T19:15:56,1283313.9609,1086015.6516,2970100.5737,2041573.5248
2025-04-01T21:14:11,1217494.4446,1026038.5688,2821238.1071,2090592.593
2025-04-01T22:59:43,1193063.3397,1003127.1357,2710979.8229,2055778.0753
2025-04-01T23:37:43,1173639.4213,997595.1239,2801561.018,2026797.3175
2025-04-02T00:21:14,1164898.6181,1002781.5159,2781579.0691,1993866.1436
2025-04-02T01:18:19,1154580.0869,1006175.2232,2750916.0284,1976376.0861
2025-04-02T02:23:03,1142374.1586,889892.5635,2735282.6871,1963787.9089
2025-04-02T03:16:35,1131587.3807,888818.9568,2717760.4805,1981699.4176
2025-04-02T04:21:58,1130419.6062,887328.5683,2721290.4938,1963586.8451
2025-04-02T05:18:18,1124626.3051,883824.5311,2755200.6057,1955479.0973
2025-04-02T06:17:46,1060860.2888,879640.2694,2813812.7288,1948687.4995
2025-04-02T07:14:02,1048087.2568,894337.3097,2675704.4834,1885519.7422
2025-04-02T08:32:46,1070618.4991000001,947254.048,3012029.003,2130865.6556
2025-04-02T09:26:25,1201157.7958,1007198.7388,2976987.9691,2162943.6437
2025-04-02T10:16:04,1402124.841,1071630.7406,3122076.5034,2151025.5168
2025-04-02T11:17:32,1452568.7138,1120393.2983,3171409.7705,2175767.8717
2025-04-02T12:20:57,1482801.3037,1184333.4717,3190495.0118,2184179.1039
2025-04-02T13:15:41,1333909.5813,1162861.2018,3162756.247,2113068.3282
2025-04-02T14:22:10,1333663.5675,1156120.5148,3213103.5818,1831428.7564
2025-04-02T15:13:35,1377144.3573,1213028.9556,3082749.3757,1797730.4336
2025-04-02T16:18:15,1317947.3559,1227926.3596,3060907.886,1889579.3318999999
2025-04-02T17:15:13,1355303.4309,1284559.107,3043608.2044,1940396.4134
2025-04-02T18:15:28,1371669.4173,1345616.1697,3027080.2429,1998024.6912
2025-04-02T19:15:11,1349808.5878,1328929.9997,2912010.9641,1956060.4497
2025-04-02T21:13:21,1256014.7374,1324485.4426,2785232.0564,1828226.64
2025-04-02T22:59:23,1247857.0195,1293164.8146,2708249.2611000002,1810243.6213
2025-04-02T23:35:05,1245056.6788,1284852.1038,2698973.7706,1786757.1649
2025-04-03T00:20:39,1234850.8197,1289805.2092,2694997.5999,1772503.8176
2025-04-03T01:16:32,1261356.2413,1283816.1454,2637422.8047,1809758.5537999999
2025-04-03T02:23:39,1260149.8285,1280080.8307,2579953.0944,1786695.943
2025-04-03T03:16:31,1241992.2745,1273584.9003,2564445.4458,1777944.0932
2025-04-03T04:21:20,1244729.0599,1270500.5032,2498077.0316,1794647.3226
2025-04-03T05:17:48,1240324.9163,1265898.6432,2574975.8216,1804345.1253
2025-04-03T06:17:29,1257198.8099,1248202.4567,2534810.6992,1864641.232
2025-04-03T07:15:02,1246302.4021,1116614.595,2600152.8784,1824514.1572
2025-04-03T08:31:58,1237982.195,1135851.0504,3078983.1171,1863142.687
2025-04-03T09:26:06,1537254.7734,1166877.1515,3302820.661,1853095.4958
2025-04-03T10:16:17,1614428.3407,1210912.4771,3532605.0347,1930717.8121
2025-04-03T11:15:41,1615932.7839,1187204.8654,3697344.9422,2030240.4531
2025-04-03T12:19:55,1615276.9989,1214681.2341,3711588.5411,1947924.9709
2025-04-03T13:14:54,1592193.1373,1281635.2877,3598094.7322,1826867.0469
2025-04-03T14:21:59,1636170.1538,1322138.0628,3472838.9979,1738165.2199
2025-04-03T15:13:47,1635988.411,1429216.4123,3442445.0099,1657807.3954
2025-04-03T16:18:44,1636902.4799,1462859.1233,3541196.5206,1684855.5448
2025-04-03T17:15:14,1559790.8471,1455698.4245,3578943.588,1732120.4947
2025-04-03T18:15:06,1569065.2577,1524882.6417,3503629.0585,1701237.2394
2025-04-03T19:17:24,1538463.8754,1511303.3731,3349855.5859,1744455.4589
2025-04-03T21:13:46,1338246.8557,1454258.8722,3107337.966,1146534.4468
2025-04-03T22:58:08,1478921.679,1423060.9835,3061999.1957,1738632.3403
2025-04-03T23:32:57,1490427.9837,1415410.101,3012793.9717,1743204.1849
2025-04-04T00:19:28,1406545.5609,1422450.182,3002294.4017,1684574.3422
2025-04-04T01:16:58,1367342.152,1417681.3964,2918382.0918,1472625.3679
2025-04-04T02:22:38,1358899.7959,1407995.1255,2829958.5918,1380364.5478
2025-04-04T03:16:29,1343962.9711,1406056.3133,2818715.4228,1407069.1174
2025-04-04T04:21:19,1336309.2846,1402920.7884,2795897.5663,1425001.79
2025-04-04T05:17:58,1358723.603,1397193.241,2808796.9529,1484330.433
2025-04-04T06:19:32,1289522.5521,1232068.1504,2772442.4446,1481953.5885
2025-04-04T07:14:50,1311613.2133,1213010.1615,2898740.8427,1421350.5242
2025-04-04T08:31:18,1520273.7843,1205763.7419,3359240.121,1557069.4198
2025-04-04T09:25:19,1448923.1849,1127384.2358,3521818.0763,1526337.7693
2025-04-04T10:15:44,1478673.1445,1157695.0086,3644471.975,1609482.9667
2025-04-04T11:16:40,1562374.9622,1256723.8688,3769839.8215,1780879.3739
2025-04-04T12:19:51,1516990.6799,1289245.1698,3677284.1949,1669898.0764
2025-04-04T13:14:34,1535543.2341,1293692.7438,3593162.5465,1660349.6275
2025-04-04T14:21:38,1486532.8986,1338404.4558,3614613.7891,1619706.2699
2025-04-04T15:14:07,1426249.6506,1290501.1351,3508896.3339,1546803.916
2025-04-04T16:17:28,1381447.9062,1259077.7795,3398760.329,1503760.9915
2025-04-04T17:14:56,1333084.5157,1378738.4027,3361132.2851,1481225.0979
2025-04-04T18:15:12,1380107.0508,1490974.0313,3414876.0593,1416458.4337
2025-04-04T19:15:17,1340947.0988,1448456.6069,3341611.6011,1389808.6099
2025-04-04T21:13:56,1235490.1453,1364873.2153,3058713.9125,1296422.4741
2025-04-04T22:55:58,1216124.7088,1405624.1844,2962992.9445,1314607.9211
2025-04-04T23:29:01,1209827.1567,1398024.0341,2968683.6014,1326246.4819
2025-04-05T00:18:51,1201283.3239,1388110.2995,2966624.004,1352958.4377000001
2025-04-05T01:16:39,1165794.9114,1376917.0437,2975743.7269,1350589.0391
2025-04-05T02:20:58,1146658.4682,1375638.6847,2932244.6726,1318423.2821
2025-04-05T03:14:36,1140757.9337,1372526.8651,2907888.7954,1299721.8468
2025-04-05T04:18:44,1134198.3634,1367725.1552,2914738.7204,1252080.4155000001
2025-04-05T05:15:27,1125372.0468000001,1362537.6122,2962717.328,1360940.4625
2025-04-05T06:15:13,1133763.823,1306698.2356,3013380.3029,1392246.8385
2025-04-05T07:13:21,1265638.8372,1299968.6153,3140594.8318,1278393.026
2025-04-05T08:28:25,1376129.1122,1398034.8596,3303574.0267,1534381.234
2025-04-05T09:21:30,1581616.1063,1357923.7723,3472894.1766,1689935.4221
2025-04-05T10:13:32,1792825.2508,1380447.7744,3496183.8437,1783263.6654
2025-04-05T11:14:48,2006286.4339,1400351.8861,3621157.3826,1849596.2023
2025-04-05T12:18:57,2051918.5991,1457481.1712,3761574.1437,1913745.3788
2025-04-05T13:12:57,2073358.2798,1451030.0508,3749678.4248,1838551.3547
2025-04-05T14:20:03,1981108.2739,1507594.7647,3632381.1526,1714518.9752
2025-04-05T15:12:06,1918425.4717,1479173.246,3589844.215,1689923.9912999999
2025-04-05T16:16:25,1805193.7248,1423193.7915,3489421.9692,1596543.7149
2025-04-05T17:14:49,1712339.4346,1358382.6185,3528598.788,1619876.2384
2025-04-05T18:14:22,1630632.8477999999,1360750.0226,3363381.2071,1563337.7009
2025-04-05T19:15:52,1586807.2274,1304993.1806,3262405.7754,1468362.1706
2025-04-05T21:17:47,1480892.1935999999,1235445.9187,3049236.1973,1400381.8016
2025-04-05T23:02:34,1456161.893,1222933.5772,2964768.0303,1400295.7506
2025-04-06T00:19:43,1512206.3058,1237336.8616,3020143.3682,1416210.6254
2025-04-06T01:15:13,1507411.1371,1231498.392,2985546.8552,1402734.4581
2025-04-06T02:21:20,1526600.4763,1226989.3263,3006079.9925,1367495.0265
2025-04-06T03:14:35,1499173.9536,1224799.8055,2974567.3075,1380570.4481
2025-04-06T04:18:53,1483794.8493000001,1223411.3651,2951050.4531,1366677.7799
2025-04-06T05:15:13,1475906.421,1221276.4899,2905596.3404,1392276.8801
2025-04-06T06:16:43,1439866.7571,1191724.5563,2772078.5189,1301146.2102
2025-04-06T07:12:44,1416049.7442,1258946.085,2661294.2009,1141200.9588
2025-04-06T08:28:17,1363113.8871,1367426.4619,2740264.0344000002,1126814.029
2025-04-06T09:22:11,1232152.7201,1290089.7875,2639932.2086,956317.8908
2025-04-06T10:14:17,1252031.8457,1243879.8609,2588086.444,949224.6333
2025-04-06T11:14:56,1355108.9417,1216971.9817,2588881.0744,954544.5895
2025-04-06T12:17:44,1405241.5351,1158439.8342,2607352.7225,951609.4002
2025-04-06T13:13:14,1338107.5371,1112363.0377,2587978.0161,1076071.4692
2025-04-06T14:20:12,1317058.6634,1067898.5327,2407003.958,1015672.4134
2025-04-06T15:12:23,1281252.0659,1035204.4155,2334169.4167,954714.4416
2025-04-06T16:16:32,1228645.4388000001,991084.0278,2319804.5439,937470.4711
2025-04-06T17:14:08,1195812.3571,953717.6802000001,2223506.051,901595.8074
2025-04-06T18:14:35,1225909.5085,914309.8782,2124592.4029,853249.5882
2025-04-06T19:14:31,1186030.3003,877514.8876,2051193.2519,805296.662
2025-04-06T21:15:54,1130581.9998,824170.9407,2162988.3433,806017.5823
2025-04-06T23:02:48,1112897.7511,799328.1283,2106802.154,810422.1109
2025-04-07T00:20:02,1117472.5414,792753.0943,1971129.3616,869538.0606
2025-04-07T01:17:20,1114917.7175,790430.248,2021245.6524,842690.7953
2025-04-07T02:23:40,1114146.786,788784.3988,2050358.1148,841098.7153
2025-04-07T03:17:39,1113730.186,788227.293,2042210.1856,838745.9187
2025-04-07T04:22:14,1111402.0112,787062.4759,2130479.7782,818035.2051
2025-04-07T05:18:45,1118512.4164,785634.1849,2201076.2022,900339.3156
2025-04-07T06:18:44,1028856.4205,800442.9994,2210057.8395000002,922944.0479
2025-04-07T07:14:15,972170.6443,785200.9368,2124500.0187,961506.9619
2025-04-07T08:33:08,975140.8757,845818.8043,2478813.5446,1409287.5528
2025-04-07T09:26:52,1072947.6579,919482.6366,2476609.2275,1642057.1288
2025-04-07T10:16:29,1162767.3626,914855.2034,2694402.0897,1706041.5303
2025-04-07T11:17:51,1353982.2719,1034814.0742,2944452.217,1528494.89
2025-04-07T12:19:28,1478098.0499,1145558.1759,2929565.7515,1418663.2288
2025-04-07T13:15:22,1456508.1491,1138953.4735,2900503.7111,1468083.4003
2025-04-07T14:22:06,1551826.4579,1167994.7068,3158802.1219,1505661.1015
2025-04-07T15:13:19,1589366.5012,1197976.5326,2985447.3623,1405184.7655
2025-04-07T16:18:14,1619710.7035,1273680.3111,2952907.1033,1563024.7315
2025-04-07T17:15:38,1566820.2778999999,1304909.7501,2919646.4917,1474168.9838
2025-04-07T18:16:01,1527562.0931,1324826.1134,2902473.7948,1579616.6917
2025-04-07T19:16:15,1471081.5676,1457201.8879,2916275.5951,1717036.8717
2025-04-07T21:13:39,1421652.9286,1406092.3398,2818368.1421,1506461.9344
2025-04-07T22:58:41,1439347.3196,1447430.0345,2788786.6455,1490107.771
2025-04-07T23:34:41,1429578.7074,1434511.6341,2777406.1574,1503983.3922
2025-04-08T00:19:33,1448974.7414,1438651.0635,2855873.4926,1492865.5136
2025-04-08T01:16:16,1448094.0956,1436447.5066,2824384.3958,1447906.0057
2025-04-08T02:23:02,1439369.7231,1431881.467,2839287.9264,1420728.6344
2025-04-08T03:16:38,1415597.9458,1435970.9137,2827210.6997,1403218.6275
2025-04-08T04:22:03,1412002.6491999999,1432695.4197,2813927.5814,1436299.3666
2025-04-08T05:18:19,1397353.5993,1427477.2962,2776500.9292,1464534.9298
2025-04-08T06:18:08,1377073.0327,1350609.184,2711861.6991,1442334.4219
2025-04-08T07:14:25,1421761.4755,1253979.2792,2789487.5068,1432128.7066
2025-04-08T08:32:43,1342764.9701,1287481.5386,3121546.1876,1660170.6305
2025-04-08T09:27:05,1473276.4612,1294007.4328,3214703.5196,1391075.5519
2025-04-08T10:16:38,1536363.9875999999,1317145.2213,3359017.8095,1503387.2381
2025-04-08T11:19:03,1623140.3266,1394735.2427,3520033.3236000002,1561036.4664
2025-04-08T12:20:47,1637279.7351,1489264.4663,3727665.7308,1771625.111
2025-04-08T13:15:24,1600943.8885,1486919.4887,3702208.037,1846159.6025
2025-04-08T14:21:46,1625678.7048,1551819.3335,3547425.7307,1839040.6391
2025-04-08T15:14:40,1467750.2785,1548756.6752,3417945.8962,1608354.4471
2025-04-08T16:18:36,1645484.7155,1601261.4526,3617670.3,1822838.9445
2025-04-08T17:15:38,1602999.5148,1574284.0741,4190811.455,1763843.1809
2025-04-08T18:17:49,1579304.4138,1593333.2226,3922040.5667,1858903.9861
2025-04-08T19:15:39,1514487.3248,1558637.4004,3895505.9631,1851221.9963
2025-04-08T21:13:49,1537790.1866,1494591.3889,3598434.6998,1847093.9156
2025-04-08T22:59:52,1488154.9231,1487531.2612,3491491.019,1764277.6532
2025-04-08T23:36:50,1501204.6275,1481560.3994,3480443.1231,1816663.2730999999
2025-04-09T00:19:47,1454641.9915,1476039.1255,3393661.3265,1799371.571
2025-04-09T01:16:36,1447560.9886,1463547.0036,3320816.0558,1790079.4879
2025-04-09T02:23:40,1439625.2406,1456205.6494,3364041.8126,1761435.9124
2025-04-09T03:16:48,1435922.4413,1454775.2443,3431498.9574,1772759.9957
2025-04-09T04:23:20,1431498.5706,1476901.0627000001,3471659.2453,1763105.776
2025-04-09T05:18:09,1408217.8042,1473535.6929,3380581.0749,1696623.8281
2025-04-09T06:19:55,1345604.2504,1446239.241,3457461.3527,1632825.9699
2025-04-09T07:14:24,1346593.0228,1414890.9118,3477796.884,1600851.4834
2025-04-09T08:32:21,1566416.9741,1626790.4414,3416984.0008,1528488.5355
2025-04-09T09:27:50,1682461.8481,1567638.3056,3460831.6921,1376389.3825
2025-04-09T10:17:45,1645634.4665,1605959.0155,3455497.2502,1574583.956
2025-04-09T11:20:11,1677724.591,1630041.5306,3480164.1784,1440446.6046
2025-04-09T12:21:05,1720508.8565,1746961.229,3596856.8392,1410786.3675
2025-04-09T13:14:48,1699128.3546,1717512.0998,3480164.6922999998,1304012.9253
2025-04-09T14:22:26,1616146.5387,1791257.4033000001,3407157.5662,1254762.2507
2025-04-09T15:14:00,1543994.0907,1844025.8668,3653841.6572,1291460.2131
2025-04-09T16:17:48,1584708.406,1912832.8206,3447930.8428,1737029.9883
2025-04-09T17:13:53,1489971.4222,1913026.8415,3564528.5103,1849229.7571999999
2025-04-09T18:15:44,1523357.1852,1994793.778,3495377.3051,1659726.0723
2025-04-09T19:15:24,1463119.7016,1988975.4146999998,3435360.7933,1621956.9604
2025-04-09T21:13:34,1393572.5474999999,1951028.2165,3213340.5354,1536036.1155
2025-04-09T22:59:38,1356976.4316,1912923.0957,3109728.0123,1524993.9361
2025-04-09T23:36:27,1255909.9083,1826054.3694,3170462.1575,1499511.4780000001
2025-04-10T00:20:04,1254415.055,1846351.4815,3165007.7885,1476607.6604
2025-04-10T01:16:46,1212591.65,1813221.4408,3107684.3776,1442190.9689
2025-04-10T02:23:23,1197169.4469,1806035.0232,3137514.7749,1453650.6997
2025-04-10T03:16:24,1190505.962,1804032.1015,3183204.3368,1428162.5065000001
2025-04-10T04:21:28,1187511.77,1800816.3354,3247297.0304,1400935.3754
2025-04-10T05:17:49,1180369.7074,1795303.9307000001,3250905.5958000002,1366592.8129
2025-04-10T06:18:04,1177417.5582,1774763.0796,3248231.4908,1424005.8389
2025-04-10T07:14:14,1073370.0507,1563227.5450000002,3382920.1509,1456464.3233
2025-04-10T08:32:50,1407600.4537,1601709.5515,3599532.5454,1450013.8886
2025-04-10T09:26:40,1531327.1475,1526729.4927,3633216.6821,1552669.8842
2025-04-10T10:16:21,1494991.2992,1540434.5976,3658103.7761,1519998.8635
2025-04-10T11:18:10,1359463.2606,1578206.4698,3612821.2907,1591212.419
2025-04-10T12:20:53,1478720.9096,1597719.7091,4095550.907,1722010.3965
2025-04-10T13:14:57,1392809.2902,1612515.9006999999,3986708.5968,1756844.2253
2025-04-10T14:21:17,1324517.2059,1583236.448,3937744.142,1678081.3873
2025-04-10T15:13:39,1300878.3495,1629440.6826,3961167.477,1805167.6798
2025-04-10T16:18:01,1390883.6104,1657001.9908,3865380.5341,1843005.1234
2025-04-10T17:15:41,1302163.395,1703534.2399,3977472.6992,1948136.3987999998
2025-04-10T18:17:16,1348058.1226000001,1717158.9845,3952192.693,1989132.5426999999
2025-04-10T19:16:02,1305514.9889,1764557.6561999999,3829086.0250999997,1965077.0217
2025-04-10T21:14:28,1263776.7434,1724353.4946,3744082.3034,1872013.0424
2025-04-10T23:00:07,1214144.2102,1810906.8664,3618768.7355,1851246.0207
2025-04-10T23:37:14,1209906.1177,1818422.0557,3594918.8226,1839120.2212
2025-04-11T00:20:28,1209581.3168,1795760.9749,3611970.9588,1810082.0368000001
2025-04-11T01:18:37,1188001.8109,1788515.6102,3573633.0387,1780130.9767
2025-04-11T02:23:08,1183122.3414,1783617.1049,3317930.2997,1395249.7867
2025-04-11T03:16:15,1181093.2428,1780118.1834,3372000.2579,1437177.2053
2025-04-11T04:21:49,1176388.6854,1815128.0696,3409289.4348,1512588.6557
2025-04-11T05:17:38,1172073.2722,1809262.7382,3450759.4018,1529585.1968
2025-04-11T06:17:25,1088988.8493000001,1800069.6181,3431526.9631,1462749.9869
2025-04-11T07:13:56,1144528.3739,1778850.8124,3485322.9178,1379112.6181
2025-04-11T08:31:59,1232401.3035,1483319.1751,3879767.1745,1573736.4267
2025-04-11T09:25:41,1445082.8269,1502324.5234,3977929.0504,1519122.9294
2025-04-11T10:16:23,1618924.3977,1512928.0103,4062290.851,1564327.635
2025-04-11T11:17:16,1722733.8213,1560715.2545,4156894.6091,1557391.514
2025-04-11T12:21:00,1715500.7592,1597711.4466,4109867.7369,1500219.467
2025-04-11T13:15:07,1593288.6848,1588023.96,4079982.858,1465785.5148
2025-04-11T14:22:10,1385324.2301,1575374.2923,3845415.32,1355295.0712
2025-04-11T15:13:44,1328454.6073,1565709.9317,3749153.6656,1285669.8097
2025-04-11T16:18:06,1492375.5045,1680372.7105999999,3644962.7809,1267971.514
2025-04-11T17:15:21,1522242.6945,1676690.0628,3580492.1121,1293545.006
2025-04-11T18:15:25,1438464.9744,1661693.7491,3460472.9854,1279774.0048
2025-04-11T19:15:39,1424666.0014,1718261.8217,3374925.6504,1164483.58
2025-04-11T21:12:43,1303283.6924,1610443.4715999998,3193998.204,1072892.4982
2025-04-11T22:57:40,1274433.6474,1596326.8098,3076447.7908,1120535.484
2025-04-11T23:30:08,1266617.9413,1586459.8557,3022214.1314,1099122.5539
2025-04-12T00:19:01,1269582.8568,1581311.5862,3015555.506,1072814.6958
2025-04-12T01:15:08,1271218.4508,1620840.4429,2960815.8531,1121627.3344
2025-04-12T02:20:40,1259596.4686,1613325.3649,2896112.692,1106511.7693
2025-04-12T03:14:39,1252820.1469,1623821.0561,2863247.1881,1242858.0877
2025-04-12T04:19:18,1247154.4618,1596013.4631,2849100.3245,1272011.5898
2025-04-12T05:16:33,1241399.1405,1589171.8997,2824990.6959,1263481.0288
2025-04-12T06:15:18,1203674.5742,1504831.1387,2883239.6225,1227824.5996
2025-04-12T07:12:20,1192522.5477,1632576.0063999998,2863379.0193,1142542.535
2025-04-12T08:28:41,1373390.1893,1812110.5588,3152764.2267,1431174.8133999999
2025-04-12T09:21:13,1533174.9126,1889157.3905,3753963.8938,1479685.9092
2025-04-12T10:13:32,1518684.4213,1910455.7609,3679254.1683,1447034.6708
2025-04-12T11:15:01,1712803.0302,1884664.0582,3758674.2568,1422594.4941
2025-04-12T12:17:56,1834777.6856,1944720.148,4010143.0987,1458950.0011
2025-04-12T13:14:34,1866320.0184,1893849.9473,4105711.8222,1482431.8706
2025-04-12T14:19:58,1726189.7957,1859307.4574,3935142.3892,1519413.1473
2025-04-12T15:13:35,1760183.8313,1932917.3591,3912089.1977,1443327.7867
2025-04-12T16:16:08,1614617.5039,1871264.3102,3758417.5411,1390714.9023
2025-04-12T17:14:04,1493053.7099,1938934.1772,3775111.9452,1375172.0196
2025-04-12T18:14:53,1426191.0104,2004257.5066,3865597.6489,1338094.1113
2025-04-12T19:14:46,1352141.7867,1961587.5059,3669491.9931,1265814.2062
2025-04-12T22:41:49,1288795.6541,1845542.0222,3336917.5082,1183362.7501
2025-04-13T00:24:47,1407100.3544,1935836.3674,3371676.2683,1155756.5693
2025-04-13T01:21:58,1425988.134,1991719.3819,3376534.8651,1136874.6428
2025-04-13T02:21:29,1418027.2886,1979704.8566,3351499.5674,1076888.0484
2025-04-13T03:15:21,1411921.1431,1972943.8827,3326372.168,1085755.46
2025-04-13T04:19:37,1407010.8321,1965891.0369,3234669.1147,1044893.3143
2025-04-13T05:17:30,1394097.2268,1943239.7956,3194203.6469,1003550.738
2025-04-13T06:17:03,1369265.3518,1931008.2955,3206569.5104,994731.5275
2025-04-13T07:12:52,1371989.7347,1968333.3289,3088838.9784,1085254.567
2025-04-13T08:29:05,1417476.7869,1897749.2738,3128138.6493,1042848.8906
2025-04-13T09:24:07,1487590.3488,1927425.393,3189862.4429,966229.5099
2025-04-13T10:13:52,1449365.2372,1883626.8449,3135942.6798,945791.5621
2025-04-13T11:18:05,1371301.03,1809271.3953,3096997.928,976195.045
2025-04-13T12:19:54,1270440.9873,1735359.2209,2972419.796,1012311.6123
2025-04-13T13:13:49,1205025.7059,1680352.033,2936702.8882,1073989.7591
2025-04-13T14:20:41,1139675.5037,1604176.9437,2874932.9763,1029322.9117
2025-04-13T15:13:40,1115493.1424,1590092.07,2780331.6174,1065187.1074
2025-04-13T16:16:37,1070776.2322,1531961.6831,2724443.6167,1090645.7035
2025-04-13T17:14:54,1148128.6081,1484075.1319,2664900.5341,1113974.6972
2025-04-13T18:14:58,1135508.6184999999,1448678.8433,2561133.7658,1077974.2787
2025-04-13T19:16:27,1113867.5500999999,1419619.7949,2457719.8493,1041188.9003
2025-04-13T21:17:11,1081404.9783,1355063.0761,2372860.2716,986949.2827
2025-04-13T23:05:23,1067548.8563,1343734.1229,2302798.5894,938102.5626000001
2025-04-14T00:19:32,1063782.6564,1334541.9624,2280555.0513,938629.817
2025-04-14T01:17:40,1077422.0978,1332573.9603,2239750.993,928753.0094
2025-04-14T02:24:41,1076090.0761,1331625.5042,2236229.0109,920975.8813
2025-04-14T03:17:22,1074815.0177,1331046.395,2350792.447,915765.1022
2025-04-14T04:22:19,1073734.5784,1330101.9860999999,2360964.9104,906981.1702
2025-04-14T05:19:13,1090903.438,1398319.7486999999,2346835.9814,939360.0366
2025-04-14T06:18:58,1098389.6785,1391610.6289,2341199.3322,923015.9502
2025-04-14T07:14:06,1046882.7616,1304692.2981,2462337.2258,983255.9296
2025-04-14T08:32:52,1192943.8783,1362485.8299,2809361.1203,1333526.862
2025-04-14T09:27:58,1372912.7423,1441612.1706,3471696.3218,1364147.3576
2025-04-14T10:17:00,1481335.638,1429332.0467,3710519.1004,1346815.6107
2025-04-14T11:17:36,1451391.9976000001,1438303.111,3596202.0304,1428911.6227
2025-04-14T12:20:55,1645283.9695000001,1520253.2202,3736188.8029,1416246.8331
2025-04-14T13:15:19,1657626.5117,1560601.1585,3695115.6261,1401913.3261
2025-04-14T14:22:44,1688432.5131,1542807.4479,3641832.6881,1397754.634
2025-04-14T15:13:50,1704297.1616,1539426.6081,3663656.4244,1406891.9847
2025-04-14T16:18:21,1719528.8783,1545888.6496,3711338.1687,1537717.3787
2025-04-14T17:15:36,1671315.7957000001,1522644.2287,3654519.9047,1558656.7839
2025-04-14T18:15:39,1619805.5958,1568659.4139,3471881.9647,1532490.6139
2025-04-14T19:15:19,1579022.7352,1670934.6792,3271724.1599,1545543.5252
2025-04-14T21:16:13,1519564.6611,1630838.6917,3242070.0814,1495461.3603
2025-04-14T23:03:52,1478176.6417,1612833.0416,3008754.7642,1428307.2115
2025-04-15T00:19:51,1489275.4696,1530164.8131,2916060.8692,1321080.757
2025-04-15T01:16:51,1496750.1635,1537591.959,2812158.5221,1314823.2475
2025-04-15T02:23:31,1480676.2650000001,1533463.6338,2776250.7199,1311947.4985
2025-04-15T03:17:07,1433729.5958,1494944.3364,2863159.8568,1335059.1554
2025-04-15T04:22:29,1410698.2443,1493108.161,2900694.0429000002,1317316.0482
2025-04-15T05:18:39,1414860.8936,1489045.1376999998,2927477.4628,1342931.6273
2025-04-15T06:18:03,1387037.3199,1414054.0264,2932787.9182,1312483.8154
2025-04-15T07:13:58,1442385.1953,1457001.4128,3040957.9335,1277840.1596
2025-04-15T08:32:23,1875806.9823,1439155.0772,3302829.043,1324375.0415
2025-04-15T09:27:14,2064847.792,1319192.7206,3373585.0081,1131263.7127
2025-04-15T10:17:05,2205017.5565,1386329.364,3549028.4974,1242208.7656
2025-04-15T11:17:47,2202920.3471,1514913.2865,3528720.6133,1209581.6663
2025-04-15T12:18:58,2109790.2626,1520494.1280999999,3521510.1711,1181264.9133
2025-04-15T13:15:26,2030290.6843,1563229.3791,3392985.5351,1145524.6099
2025-04-15T14:20:48,1951154.2175,1580234.8614,3329584.9539,1085848.9519
2025-04-15T15:13:28,2054406.8070999999,1581893.8447,3396861.1277,1148260.4057
2025-04-15T16:18:12,2049169.1086,1649983.7336,3434773.0765,1182402.2048
2025-04-15T17:15:43,2092521.7142,1699054.7507,3335535.327,1120553.7933
2025-04-15T18:16:02,2042580.5823,1812866.5156999999,3217620.6743,1117305.5365
2025-04-15T19:15:46,2096704.3637,1711093.6499,3212207.5191,1066312.3989
2025-04-15T21:15:26,2067613.4245,1646401.4331,2889200.7545,1005825.7587
2025-04-15T23:03:10,1984443.3316,1609214.6402,2793009.032,974211.2176
2025-04-16T00:19:37,1903635.2954,1546981.7249,2726012.542,979216.7847
2025-04-16T01:16:59,1762009.3048,1531686.7566,2646994.527,957505.9125
2025-04-16T02:23:33,1746272.4211,1528318.4058,2619311.1004,965898.3
2025-04-16T03:16:36,1718571.3077,1526758.4698,2676502.4357,946518.7008999999
2025-04-16T04:22:36,1693261.3136,1524284.2699,2726707.0883,934299.9015
2025-04-16T05:18:44,1695707.0263,1520172.482,2754089.2399,937376.3487
2025-04-16T06:18:44,1689328.5562,1509466.1341,2761118.4907,960241.8084999999
2025-04-16T07:14:27,1628942.7468,1422664.6075,2801493.2518,925472.03
2025-04-16T08:32:40,2078488.4891,1425907.6693,3079226.3044,791720.5348
2025-04-16T09:27:09,2270607.5107,1481996.5849,3263986.1303,705626.2687
2025-04-16T10:17:20,2390855.6137,1571149.925,3530659.093,698775.2331
2025-04-16T11:18:12,2380404.5425,1621018.6474000001,3449696.0555,696946.7673
2025-04-16T12:21:11,2468957.8818,1588186.3824,3468174.1607,718953.2599
2025-04-16T13:14:57,2336703.9865,1559170.1544,3459182.2011,685875.758
2025-04-16T14:23:00,2326140.2204,1525264.0527,3470509.5776,660362.9935
2025-04-16T15:12:38,2565400.8822,1540295.1525,3424098.4947,637029.6709
2025-04-16T16:18:52,2539563.278,1559499.9528,3223883.2429,626962.5422
2025-04-16T17:15:44,2755154.4887,1536950.2996,3198461.4156,633278.5887
2025-04-16T18:15:37,2708901.7639,1527167.0515,3108528.5876,651071.3699
2025-04-16T19:15:32,2603619.4849,1492713.878,2944082.8257,627344.16
2025-04-16T21:15:43,2529556.7719,1424805.9952,2812221.2921,616182.4011
2025-04-16T23:01:59,2498996.3399,1479890.9493,2621541.3404,575748.0617
2025-04-17T00:19:50,2752391.7922,1425015.3708000001,2546498.6654,559825.8105
2025-04-17T01:16:33,2914930.5327,1415140.1301,2544335.1499,552542.9116999999
2025-04-17T02:23:32,2340376.3651,1409530.6477,2580019.0142,563469.5762
2025-04-17T03:17:40,2346851.2039,1413493.096,2581139.8148,590315.2162
2025-04-17T04:22:18,2321365.818,1409278.7257,2646933.2186,620345.0469
2025-04-17T05:18:32,2360318.301,1399882.3806,2682401.6479,612805.7395
2025-04-17T06:18:05,2214640.3965,1333045.1894,2583974.5804,544421.3089
2025-04-17T07:14:04,2205978.7267,1338093.9616,2601689.3416,612433.422
2025-04-17T08:31:58,2580428.9148,1320499.4332,3081522.8226,566640.2627
2025-04-17T09:26:21,2763336.5976,1344474.4914,3415482.6768,578785.2645
2025-04-17T10:16:16,2900875.3055000002,1404677.4088,3389140.2328,555107.589
2025-04-17T11:17:18,3090038.9586,1414968.2078,3420986.1213,580580.6875
2025-04-17T12:20:40,3103954.9117,1415106.0964000002,3407121.3294,503862.6204
2025-04-17T13:14:18,3028936.3049,1433400.7224,3394327.3051,467330.20180000004
2025-04-17T14:22:21,2910207.534,1428354.7667,3363676.1784,509461.1847
2025-04-17T15:13:24,3003548.0878,1442770.3597,3234213.13,501207.0347
2025-04-17T16:17:55,3204715.0946,1526632.4291,3288641.7028,520294.2705
2025-04-17T17:15:44,3253652.9867,1575547.286,3313331.9263,537560.8834
2025-04-17T18:15:18,3231616.8264,1622135.4896,3288737.3398,531859.4415
2025-04-17T19:15:50,3144194.5439,1610914.522,3198953.1809,489849.2358
2025-04-17T21:14:15,3003300.3884,1611626.3317,3074054.5796,467244.6691
2025-04-17T22:58:49,2880721.3517,1606772.0423,2928020.904,475332.9891
2025-04-17T23:35:23,2836002.2191,1607404.2033000002,2857789.9708,467977.7826
2025-04-18T00:19:37,2853308.841,1632887.0431,2924399.0787,461474.5499
2025-04-18T01:16:41,2865782.4619,1675661.5721,2902722.4867000002,492805.6924
2025-04-18T02:22:58,2814998.5329,1672402.0957,2899620.4271,504756.83259999997
2025-04-18T03:16:43,2801991.5318,1679637.6355,2960697.826,499560.6801
2025-04-18T04:22:53,2789992.4516,1675563.3896,2937780.6955,506821.4505
2025-04-18T05:17:19,2717470.533,1671172.4766,2891309.3338,478737.8307
2025-04-18T06:17:52,2700295.319,1696470.8401,2911815.489,473870.8688
2025-04-18T07:13:42,2700102.8647,1792576.2833,2840518.9722,450676.02619999996
2025-04-18T08:31:15,2947645.2774,1833363.3607,2920942.1755,456488.7576
2025-04-18T09:24:09,2804013.9148,1781721.0877999999,3017849.5484,463214.6277
2025-04-18T10:16:51,2722393.21,1797126.3065,3017350.109,456354.8833
2025-04-18T11:17:08,2662602.6039,1761232.585,2971771.8424,451663.1774
2025-04-18T12:19:48,2656279.0341,1667924.2577,2902155.4348,417787.4506
2025-04-18T13:14:36,2523399.665,1641375.5556,2786046.9432,421079.7626
2025-04-18T14:21:26,2442726.0498,1606454.0141,2617710.4638,412090.6324
2025-04-18T15:13:02,2394412.3664,1570722.455,2529953.5804,424976.5848
2025-04-18T16:17:29,2343684.3942,1508237.3041,2451380.5182,413810.8653
2025-04-18T17:15:09,2320073.0845,1466988.4548,2345666.6864,405554.6377
2025-04-18T18:16:18,2234034.235,1414549.5313000001,2251794.4671,384224.7724
2025-04-18T19:15:10,2174110.8443,1365433.6367,2263552.6655,395168.3247
2025-04-18T21:11:53,2123909.9927,1294122.6775,2275879.1567,382520.8876
2025-04-18T22:55:18,2158554.7003,1262465.5971000001,2309739.0919,379007.9058
2025-04-18T23:28:17,2187098.3531,1255645.1189000001,2338234.5754,377201.9158
2025-04-19T00:18:53,2189918.7775,1250180.0602,2313144.4076,374017.7018
2025-04-19T01:16:12,2185899.4085,1235310.1921,2268358.1034,369654.5934
2025-04-19T02:21:52,2174547.8472,1233150.6027,2272045.0071,366397.8983
2025-04-19T03:14:17,2169309.1357,1239946.4273,2268630.4681,355950.0493
2025-04-19T04:19:04,2185399.1665,1238037.8416,2229257.4619,327191.372
2025-04-19T05:16:32,2212448.232,1233077.0635,2232319.9812,327000.515
2025-04-19T06:15:47,2191262.586,1225935.6498,2220454.1124,326642.889
2025-04-19T07:13:54,2189600.6679,1228711.3591,2364209.135,357203.8219
2025-04-19T08:30:29,2669988.6376,1264425.9255000001,2924034.1581,416041.3707
2025-04-19T09:21:43,2740178.6508,1300832.4049,3354003.5944,393083.0555
2025-04-19T10:14:17,2763253.3721,1323504.6586,3431205.3269,377780.4105
2025-04-19T11:14:54,3654872.9179,1355553.612,3506633.4023,366312.3256
2025-04-19T12:19:22,4006544.8526,1444834.5635000002,3567804.7544,352789.2967
2025-04-19T13:13:51,4129426.9098,1502914.0058,3544211.4442,343422.9462
2025-04-19T14:20:15,3908834.3888000003,1488914.6168,3424514.8881,339099.4394
2025-04-19T15:13:45,3847892.084,1534371.3263,3460705.6707,331801.59979999997
2025-04-19T16:16:33,3697929.1436,1511526.9263,3439351.1837999998,357887.2329
2025-04-19T17:14:00,3589691.8044000003,1470807.9545,3327026.5686,348550.1114
2025-04-19T18:14:55,3524113.6347000003,1404726.0369,3372853.7261,390612.4897
2025-04-19T19:16:59,3610267.9095,1371916.2518,3234781.8431,387428.9602
2025-04-19T21:19:55,3612721.4101,1346317.0887,3003419.0408,381643.5536
2025-04-19T23:06:25,3427915.4054,1348992.5466,2983048.2069,375171.3936
2025-04-20T00:18:37,3459401.896,1369396.0471,3011799.0549,368698.5126
2025-04-20T01:16:01,3379097.82,1397544.2441,3016518.3822,352534.8676
2025-04-20T02:21:42,3397966.3588,1412759.785,2995056.6973,352719.0366
2025-04-20T03:15:51,3279774.9239,1414772.0337,2849015.9247,368169.8193
2025-04-20T04:19:06,3257326.4416,1413976.017,2825520.3106,368169.8193
2025-04-20T05:15:16,3248291.1508,1409280.7527,2767281.8124,369125.1603
2025-04-20T06:16:14,3214564.6914,1442940.9409,2616438.234,346898.5413
2025-04-20T07:13:31,3208899.1069,1488049.1218,2552674.0986,272613.7853
2025-04-20T08:29:26,3263150.4386,1643192.4766,2457165.7358,267418.9172
2025-04-20T09:23:21,3153915.0640000002,1759785.2308,2370168.2941,271727.901
2025-04-20T10:14:22,3125656.2215,1737615.6842,2418000.0685,257677.4832
2025-04-20T11:15:01,3117800.4778,1671433.1142,2363515.0734,235037.5515
2025-04-20T12:18:01,3149305.9181,1627623.7691,2293700.1306,228613.331
2025-04-20T13:15:17,3217771.4654,1577664.7789,2244480.0156,225090.92359999998
2025-04-20T14:20:29,3189910.7917,1531504.8521,2139187.2816,222427.0017
2025-04-20T15:14:24,3168316.3427,1491947.3801,2085589.6941,216864.1206
2025-04-20T16:17:03,3120602.5454,1448841.3746,2047207.4976000001,211511.8493
2025-04-20T17:14:38,2948215.262,1404313.2173000001,1964343.6156,208798.2541
2025-04-20T18:15:15,2959471.1103,1367823.9647000001,1888943.1581000001,205403.1525
2025-04-20T19:15:00,2929291.5667,1336552.6069,1798023.013,198304.674
2025-04-20T21:18:36,2889444.8763,1261972.7630999999,1668680.0143,209440.4994
2025-04-20T23:08:34,2902360.6525,1233375.9415,1744549.0675000001,203587.6717
2025-04-21T00:20:18,2898557.0787,1213358.7107000002,1636203.3025,202713.2724
2025-04-21T01:17:36,2899883.612,1212175.583,1626303.5529,200028.122
2025-04-21T02:23:33,2887133.0769,1211270.7292,1615491.276,200028.122
2025-04-21T03:17:06,3093899.484,1210681.791,1610041.203,199893.7085
2025-04-21T04:21:51,3089116.8649,1211401.189,1600436.6113,197308.7085
2025-04-21T05:17:54,3075107.2167,1215462.6094,1590812.8779,196276.7485
2025-04-21T06:17:52,3074139.7800000003,1225623.233,1626746.881,196024.0381
2025-04-21T07:13:59,3135512.0527,1251496.9961,1708203.062,206556.7923
2025-04-21T08:32:11,3364102.8005,1265506.2771,2106778.2863,323501.9382
2025-04-21T09:25:31,3758129.7737000003,1320854.1359,2569437.1087,517896.8724
2025-04-21T10:15:40,4071205.1221000003,1349861.1851000001,2798820.7976,527911.0653
2025-04-21T11:17:39,4191134.3168,1382155.071,2989027.3585,553772.921
2025-04-21T12:19:54,4209217.5222000005,1485625.9717,3002560.7867,530120.2531
2025-04-21T13:15:53,4175823.8926,1483768.3495,3049630.2936,508971.581
2025-04-21T14:21:43,4055752.9284,1469327.7797,3193638.3538,486003.5892
2025-04-21T15:14:33,3992484.9023,1466819.7163,3208035.5921,419077.3563
2025-04-21T16:18:16,4175867.728,1452956.6182000001,3202652.9942,440265.5125
2025-04-21T19:15:24,4190029.8987,1529192.348,3174228.9869,499576.60360000003
2025-04-21T21:15:22,4069266.1783,1435890.4282,2956284.489,493882.1794
2025-04-21T23:02:10,4080786.5936000003,1448571.841,2913125.017,521015.9836
2025-04-22T00:19:36,4047297.7627,1460541.8841,2869661.2427,545264.9634
2025-04-22T01:17:21,3985695.2867,1513785.5329,2792473.1289,542311.7724
2025-04-22T02:24:30,3958118.3482999997,1511762.9817,2779095.076,541945.6538
2025-04-22T03:16:58,3935885.7517,1510336.0443,2819731.4756,541398.7856
2025-04-22T04:21:38,3913467.057,1508322.2,2874847.6281,540046.1614
2025-04-22T05:18:27,4346508.8894,1504946.5988,2899554.9203,604014.0407
2025-04-22T06:17:59,4318929.7515,1413772.7574,2819942.6426,596173.221
2025-04-22T07:14:13,4236224.3639,1378699.0103,2854302.3272,621961.9995
2025-04-22T08:32:14,3948698.329,1182882.1648,3055592.2242,616628.551
2025-04-22T09:27:10,4020526.1475,1248563.5566,3094266.5276,489525.5657
2025-04-22T10:16:55,4212271.6741,1293887.5057,3212979.8168,499826.0747
2025-04-22T11:17:41,4355854.7935999995,1319490.8212,3234356.4921,489112.5268
2025-04-22T12:20:32,4359961.1567,1343005.259,3356869.4437,770695.291
2025-04-22T13:15:04,4249037.3745,1302597.2916,3504461.3657,795414.9911
2025-04-22T14:22:58,4267123.9754,1253469.1929000001,3506934.7806,770189.1892
2025-04-22T15:13:45,4319350.081,1263510.3431,3344868.9401000002,925144.0849
2025-04-22T16:18:22,4267728.0368,1244420.3967000002,3430483.1958,523825.7269
2025-04-22T17:15:36,4178293.6578,1297793.2449,3476887.4654,509327.3194
2025-04-22T18:15:30,4255535.8845,1296827.7954,3517642.1881999997,627535.3934000001
2025-04-22T19:15:30,4250460.9971,1274107.8857,3459470.9391,667687.0057
2025-04-22T21:15:27,4047012.9537,1255687.3642,3231740.6547,628426.6118
2025-04-22T23:02:29,3972539.3223,1220836.3431,3170233.3707,584383.5553
2025-04-23T00:19:56,3947772.7763,1237600.3962,3116113.8722,565074.3025999999
2025-04-23T01:17:26,3923898.9477,1243587.8335,3083975.1665,567100.6751999999
2025-04-23T02:23:34,3885020.3121,1253699.3859,3027112.8446,646147.3979
2025-04-23T03:21:06,3863726.1507,1252258.406,3044973.0301,638913.1766
2025-04-23T04:22:09,3853877.1104,1257475.251,3021767.9916,633475.9116
2025-04-23T05:18:19,3349382.7369,1224698.4745,2975541.0369,594432.8464
2025-04-23T06:19:04,3264733.1528,1180580.0555,3076772.4536,668116.5695
2025-04-23T07:14:25,3236349.5916999998,1141997.7213,3113518.0307,677602.5231999999
2025-04-23T08:32:41,3432836.7752,1183889.7461,3287272.1458,821749.9832
2025-04-23T09:27:37,3385568.9861999997,1243031.5363,3138006.3274,665837.9269
2025-04-23T10:17:21,3415317.9891999997,1479780.3378,3292461.5929,695559.3505000001
2025-04-23T11:18:41,3615932.2997,1605921.4078,3295748.2628,738228.0962
2025-04-23T12:20:59,3696067.5264,1621063.6663,3570600.0515,555795.5849
2025-04-23T13:14:58,3934180.9994,1584815.2567,3344023.4501,520735.9953
2025-04-23T14:24:03,3910646.4763,1559357.1152000001,3316979.7815,553249.8561
2025-04-23T15:14:14,3649796.5955,1551277.3905,3352388.9067,616551.6384
2025-04-23T16:18:55,3736185.836,1526821.5357,3553787.9561,574014.4558
2025-04-23T17:15:44,3634975.6,1493249.4503000001,3641155.189,596345.2424999999
2025-04-23T18:16:16,3604563.9252,1490131.1754,3560084.8244,599411.6687
2025-04-23T19:16:19,3454196.2958,1431713.3135,3448761.8618,606223.2518
2025-04-23T21:15:32,3258840.5746,1420658.6088,3097934.2528,559932.0077
2025-04-23T23:04:22,3356024.5734,1412416.6086,3170778.3419,576339.665
2025-04-24T00:19:45,3327070.9464,1385294.2176,3080911.845,554656.2408
2025-04-24T01:17:29,3284152.7618,1409874.6355,3039505.8282,547991.5561
2025-04-24T02:24:15,3290342.379,1401117.9646,3013892.0845,530132.1571
2025-04-24T03:17:22,3275952.4577,1400002.59,2997094.6728,529474.5466
2025-04-24T04:21:50,3259635.0503,1398864.8991,2978324.7708,565229.633
2025-04-24T05:18:23,3240734.6424,1396232.0074,2966405.2299,561093.1552
2025-04-24T06:18:22,3216391.7018,1385033.3249,2964278.8509,550538.2375
2025-04-24T07:14:20,3092509.0407,1412117.3446,3037488.0984,557864.1126999999
2025-04-24T08:33:56,2918826.7299,1398625.0244,3198757.4793,909797.8503
2025-04-24T09:28:06,3185514.7975,1476408.4468,3401883.1472,966957.7951999999
2025-04-24T10:15:42,3230335.0588,1461644.6812,3630587.2385,1094286.8713
2025-04-24T11:18:11,3236828.6729,1470617.66,3625105.3909,1146763.2466
2025-04-24T12:20:50,3138220.4494,1369724.5384,3418336.1971,1089269.4627
2025-04-24T13:15:08,3028146.2537000002,1381022.0669,3603390.2687,1047975.1055
2025-04-24T14:21:49,2909346.5987,1341035.9621000001,3418277.2753,1025808.409
2025-04-24T15:13:43,2874726.0745,1382057.8778,3404402.0923,1020343.0191
2025-04-24T16:18:42,2801944.3851,1393555.9293,3414139.8098999998,1044156.3579000001
2025-04-24T17:16:20,2797855.0233,1384142.6069,3523409.5155,1077480.7968000001
2025-04-24T18:16:09,2761117.3701,1355008.7622,3516043.677,1060058.3052
2025-04-24T19:16:04,2773940.8030999997,1316004.0642,3348793.8689,1048996.4727
2025-04-24T21:16:21,2742867.6034,1339449.6638,3086318.3843,1021041.0102
2025-04-24T23:04:18,2695671.1232,1312870.9474,3072519.1165,1003978.0832
2025-04-25T00:20:02,2631014.1566,1296656.5621,3104096.418,987701.1716
2025-04-25T01:16:56,2641121.3999,1308577.1932,3087822.7605,981218.638
2025-04-25T02:23:27,2625548.7837,1306362.9764,3052410.6273,934880.8315
2025-04-25T03:17:13,2613083.1685,1305005.8306,3030731.2762,987888.3091000001
2025-04-25T04:22:01,2602603.4206,1302758.525,3004184.658,995441.5235
2025-04-25T05:17:52,2580657.1943,1299146.1169,3000502.5562,978665.5145
2025-04-25T06:18:06,2555017.2503,1320683.7958,3041291.4485,977127.3414
2025-04-25T07:14:05,2568860.2925,1326237.0829999999,3205951.672,1067008.9928
2025-04-25T08:32:48,2538964.01,1319885.6837,3553933.2467,1506432.9727999999
2025-04-25T09:26:06,2639297.542,1363283.8522,3825486.3207,1579506.0445
2025-04-25T10:16:02,2685643.1644,1400502.0668,3839102.0911,1620498.1562
2025-04-25T11:17:14,2864590.1857000003,1377579.6953,3834642.7022,1660798.5926
2025-04-25T12:20:25,2906791.3351,1502809.4905,3842732.7149,1604751.5879
2025-04-25T13:14:48,2803519.4849,1450154.1316,3812334.6713,1586260.7204
2025-04-25T14:22:17,2816694.3155,1489455.8366,3975122.3874,1497616.2348
2025-04-25T15:13:56,2790457.6466,1671842.3,3952434.7039,1462389.952
2025-04-25T16:18:15,2851507.8297,1505922.5899,3947170.0086,1652306.7701
2025-04-25T17:15:25,2812912.3137,1526293.8874,4072666.0609,1727784.5201
2025-04-25T18:16:10,2797472.0806,1577330.4213999999,4297246.538,1695188.9214
2025-04-25T19:15:29,2776669.8689,1553118.4441,4235766.6841,1854306.8769999999
2025-04-25T21:13:31,2637886.8059,1488440.0015,3966226.5333000002,1713696.4121
2025-04-25T22:58:23,2650117.1574999997,1470245.5699,3897934.5969000002,1598969.8328
2025-04-25T23:34:08,2660582.2325,1482296.3234,3949545.1656,1577009.9423
2025-04-26T00:18:51,2652138.2689,1520105.7162,3950255.8953,1583044.5751
2025-04-26T01:15:32,2485503.4079,1512274.7088,3958801.2007,1587909.506
2025-04-26T02:21:31,2474949.2726,1497416.9951,3856620.2514,1511923.8466
2025-04-26T03:14:40,2465696.018,1496009.7716,3914660.6676,1602188.2606
2025-04-26T04:19:38,2384486.1307,1393351.0218,3886305.428,1577301.4806
2025-04-26T05:15:55,2365714.6748,1388875.5207,3856473.6530999998,1554334.1464
2025-04-26T06:15:58,2374340.2089,1350533.9689,3888120.1327,1595580.9507
2025-04-26T07:12:49,2417573.1739,1353726.921,3877045.7447,1563111.6646
2025-04-26T08:29:02,2503308.4309,1473505.1942,3989354.9289,1896487.6171
2025-04-26T09:22:04,2533794.1634,1640270.5557000001,3968044.915,2010741.4577
2025-04-26T10:14:09,2615552.7416,1693909.4033000001,4031755.0238,2047594.9006
2025-04-26T11:14:57,2723309.469,1718144.0852,4064913.7799,2082028.6892
2025-04-26T12:18:41,2824242.3301999997,1834757.0614,4140815.7926,2113842.3841
2025-04-26T13:13:24,2719603.9792,1862124.8016,4265448.1928,2092253.1749
2025-04-26T14:20:04,2635379.5407,1815495.9252,4091444.565,2055984.1955
2025-04-26T15:13:36,2585736.687,1847073.1115,4070001.896,1994993.5219
2025-04-26T16:16:35,2595359.817,1857144.0082999999,3989295.8849,1915030.2942000001
2025-04-26T17:14:11,2473811.9203,1810889.1500000001,3794408.1768,1942045.6818
2025-04-26T18:14:46,2425801.2742,1775233.1187,3810166.1157,1958034.3025
2025-04-26T19:15:11,2378371.382,1756835.9933,3712159.5017,1900982.7281
2025-04-26T21:20:04,2421688.8545,1641636.5676,3584253.3438,1775475.7825
2025-04-26T23:07:14,2401412.3668,1724657.1382,3458062.1453,1736995.1479
2025-04-27T00:19:11,2391867.714,1814785.9966,3391161.0863,1751194.4969
2025-04-27T01:16:33,2400847.0886999997,1825104.6885,3359043.3262,1812926.2351
2025-04-27T02:21:50,2401430.9821,1832157.6269999999,3347653.8927,1774914.1591
2025-04-27T03:14:52,2397285.7686,1827262.2332,3345751.7812,1745803.1504
2025-04-27T04:19:34,2393696.2532,1852932.3112,3287575.7746,1740364.8974000001
2025-04-27T05:16:01,2386868.2163,1848544.3354,3265542.2511,1639000.3039
2025-04-27T06:16:28,2348997.5102,1867284.3086,3254372.0539,1617453.0621
2025-04-27T07:12:52,2320688.8852,1854386.478,3381842.8001,1646959.962
2025-04-27T08:29:29,2299690.579,2059222.9371,3290215.6497,1661391.8935
2025-04-27T09:22:07,2313958.6535,2071601.6719,3364732.8257,1715611.5287000001
2025-04-27T10:14:20,2296390.5656,2001301.3351,3343592.8583,1671493.8997
2025-04-27T11:16:04,2248416.1788,1940379.6991,3221456.072,1601605.6988
2025-04-27T12:18:44,2195822.4836,1856108.5807,3101602.7222,1587322.447
2025-04-27T13:15:00,2119082.9913,1773957.2855,3049321.1291,1671464.643
2025-04-27T14:20:27,2051698.5947,1734122.4946,3007751.7847,1640478.9787
2025-04-27T15:14:17,1581563.0722999999,1775471.7629,2963707.7367000002,1273455.3017
2025-04-27T16:17:10,2015426.9076,1735662.1715,2898197.9097,1597179.4132
2025-04-27T17:14:16,1985232.8410999998,1711527.8557,2814800.0417,1569138.0483000001
2025-04-27T18:15:02,1963952.7263999998,1718491.4247,2783022.3794,1535967.6376
2025-04-27T19:15:54,1935084.4852,1687942.9354,2701531.4422,1591119.9243
2025-04-27T21:18:13,1892852.7854,1626643.0461,2647830.2872,1608137.607
2025-04-27T23:08:53,1917269.8621999999,1569799.8131,2601037.8324,1634968.8401
2025-04-28T00:20:42,1895882.5884,1577163.4209,2583262.9743,1637981.0895
2025-04-28T01:23:19,1876664.9736,1538620.7854,2537125.386,1621609.4151
2025-04-28T02:31:02,1874070.0225,1567182.7751,2579146.091,1643186.6787
2025-04-28T03:42:08,1871641.1054,1561869.2515,2601080.3715,1661383.827
2025-04-28T04:57:14,1866353.7307,1555874.7996,2607656.0569,1653301.9454
2025-04-28T06:50:57,1864784.3704,1533519.3565,2714419.5612,1670678.9298999999
2025-04-28T07:34:58,1861860.7009,1440861.1793,2796117.3119,1660340.5602
2025-04-28T08:33:21,2120767.5809,1523694.3806,2955377.5708,1775133.4198
2025-04-28T09:38:23,2200894.0653,1596096.3235,3150540.5334,2159628.8298
2025-04-28T10:18:08,2268282.6544,1724265.5142,3169313.4799,2280407.4469
2025-04-28T11:18:37,2283889.6247,1827054.5918999999,3216857.9424,2324309.152
2025-04-28T12:19:49,2336688.5288,1958995.0078,3304246.9341,2284226.0965
2025-04-28T13:15:08,2348970.9643,2022261.1492,3287727.2917,2261041.9752
2025-04-28T14:23:41,2276994.3841999997,2033958.3403,3249823.3931,2161058.3962
2025-04-28T15:13:57,2321337.9934,2009375.036,3376370.8375,2271187.7429
2025-04-28T16:17:51,2377060.6873999997,2183701.1648,3376470.1417,2213322.2055
2025-04-28T17:13:57,2319911.8123,2200502.8262,3359091.0844,2175634.3248
2025-04-28T18:16:23,2303535.6708,2340295.2831,3280117.8907,2146167.48
2025-04-28T19:15:46,2236545.6489,2245703.1881,3320811.4496999998,2128278.0897
2025-04-28T21:16:01,2221192.9767,2101206.8004,3072995.4782,1985411.9326
2025-04-28T23:04:49,2247539.1485,2094760.109,3025193.4273,1991360.0528
2025-04-29T00:21:20,2157506.7242,2133997.8,2944135.6985,1955446.452
2025-04-29T01:17:27,2086826.3627,2128078.808,2962795.1964000002,1932351.8819
2025-04-29T02:24:16,2090392.7987,2122154.3284,2961953.9518,1985116.3195
2025-04-29T03:17:28,2064803.7223999999,2095288.4234,2992407.8815,1993824.1129
2025-04-29T04:24:39,2061469.9475,1380158.2776,2680593.1025,2022324.1319
2025-04-29T05:18:40,2055630.5073,2079062.0568,3060841.4551,2044263.697
2025-04-29T06:19:00,2027799.0718,2090428.7085,3135239.4857,2007251.4925
2025-04-29T07:14:38,2018024.3617,2074373.6213,3252949.844,1972925.4023
2025-04-29T08:34:59,2305859.7298,2189932.2349,3706972.5153,2220403.1092
2025-04-29T09:31:53,2500430.0478,2385765.9381,3569589.0455,2234889.9188
2025-04-29T10:17:23,2566911.1041,2449960.202,3786589.0301,2284782.6655
2025-04-29T11:18:27,2595151.1975,2536051.6572,3652045.8344,2248641.3659
2025-04-29T12:20:39,2631227.3704,2764980.8812,3708861.8802,2277759.9813
2025-04-29T13:15:45,2555458.0806,2741232.406,3658882.8307,2327521.0769
2025-04-29T14:22:44,2572012.4274,2656349.0521,3640569.7512,2309114.2813999997
2025-04-29T15:14:07,2699081.0867,2733746.0918,3407296.6359,2265423.0428
2025-04-29T16:19:04,2755972.9145,2692569.9187,3555225.6434,2277258.779
2025-04-29T17:15:42,2695941.3386999997,2733967.2155,3465102.29,2294541.0826
2025-04-29T18:15:56,2724233.8073,2731936.5123,3381005.4241,2249030.7716
2025-04-29T19:15:42,2717664.8568,2792766.6038,3400816.0089,2187696.6622
2025-04-29T21:16:43,2624902.6559,2682562.0461,3273561.19,2061657.6607000001
2025-04-29T23:04:53,2619275.9617999997,2621516.9775,3189733.0692,1996878.5804
2025-04-30T00:20:05,2616452.9395,2611629.8808,3123263.3825,1956193.3858
2025-04-30T01:17:13,2592913.4243,2615333.9828,3103072.5267,1969432.4253
2025-04-30T02:24:07,2586135.324,2622674.8099,3058754.3778,1948600.3568
2025-04-30T03:16:18,2581038.3679,2618036.3157,3062174.3384,1932874.6277
2025-04-30T04:22:22,2575007.2493,2611861.9967,3139754.2255,1933436.6376
2025-04-30T05:18:02,2568221.7327,2563186.7963,3154909.9234,1885427.1674
2025-04-30T06:18:04,2536663.8462,2550706.1879,3196898.1922999998,1902081.7312
2025-04-30T07:14:06,2418403.336,2552468.9257,3132731.6681,1881219.8844
2025-04-30T08:32:34,2247116.5433,2387901.3126,2981154.6854,1990428.701
2025-04-30T09:27:15,2163625.1404,2290063.4714,3014815.3484,1837220.0429
2025-04-30T10:16:46,2279486.3331999998,2403309.1998,3135472.7286,1894187.4906000001
2025-04-30T11:18:21,2246866.1672,2688105.3209,3340758.9559,1821105.6224
2025-04-30T12:20:49,2258732.552,2563942.9255,2983896.3856,1726553.0928
2025-04-30T13:15:09,2244216.7806,2554781.9059,3190413.2532,1687549.7304
2025-04-30T14:22:54,2231386.6119999997,2710480.7623,3278490.0463,1673844.5083
2025-04-30T15:13:37,2521665.0958,2696776.3954,3195942.3119,1667333.0591
2025-04-30T16:18:27,2256769.0555,2738904.3103,3258790.7003,1820043.1086
2025-04-30T17:15:29,2341357.0975,2823979.795,3336577.39,1859886.2266
2025-04-30T18:15:57,2409778.6276000002,2837121.4535,3285461.241,1754363.8092999998
2025-04-30T19:15:57,2422604.9041999998,2919169.3544,3237105.4538,1679448.9117
2025-04-30T21:22:47,2365490.5716,2789188.4117,3156487.9056,1697445.6324
2025-04-30T23:15:07,2376808.0096,2771956.3135,3057781.7884,1705174.9871
2025-05-01T00:22:15,2345757.9731,2829435.9281,3041008.474,1805015.7689
2025-05-01T01:17:27,2314697.0169,2816488.1782,2951128.5721,1704038.3135
2025-05-01T02:24:31,2302132.4699,2826756.2878,2919688.7452,1710333.0873
2025-05-01T03:17:10,2313330.8654,2886487.5688,2877757.3574,1744364.363
2025-05-01T04:21:50,2304648.535,2872825.2718,2830317.0302,1726817.5496
2025-05-01T05:18:09,2279268.6696,2860435.5495,2772610.9863,1715375.4746
2025-05-01T06:18:28,2262580.6755999997,2828043.5995,2797010.1855,1711667.4874
2025-05-01T07:14:25,2261723.9753,2820370.0848,2741437.0692,1652710.8507
2025-05-01T08:31:45,2203139.6448,2990171.4377,2709560.3993,1795593.1531
2025-05-01T09:25:43,2218763.1665,2914645.8357,2746471.8239,1871797.6495
2025-05-01T10:15:45,2258208.9583,2892667.0005,2716051.0416,1847091.3508
2025-05-01T11:17:22,2359291.0734,2770751.6088,2736630.8432,2047043.426
2025-05-01T12:21:02,2326928.0662,2782957.944,2803374.0029,2086404.6642
2025-05-01T13:15:26,2303843.958,2714337.783,3019974.6421,2378384.6969
2025-05-01T14:24:36,2383379.4702,2672504.1132,3131257.8163,2428402.927
2025-05-01T15:13:23,2333989.7411,2641363.8414,3114876.1813,2490278.6129
2025-05-01T16:16:52,2278836.2565,2638901.9862,3113709.2694,2395815.5419
2025-05-01T17:16:11,2247948.5846,2671971.9617,3057726.2896,2323505.0918
2025-05-01T18:15:58,2332264.8137000003,2642333.7139,3042061.4577,2343343.0689
2025-05-01T19:16:06,2292920.6024,2605417.3955,3044413.3412,2595694.077
2025-05-01T21:16:48,2311363.3252,2606581.6478,3056530.2682,2693579.6833
2025-05-01T23:06:29,2293308.1445999998,2640922.3497,2962312.3437,2666980.8315
2025-05-02T00:19:56,2307681.524,2661234.4819,2957823.6786,2660342.8155
2025-05-02T01:17:23,2311265.1762,2686962.2744,2922089.0773,2614401.9046
2025-05-02T02:23:17,2205319.668,2653057.7121,2870511.4931,2199322.7768
2025-05-02T03:16:44,2203588.2984,2649583.2703,2898190.0807,2180232.9679
2025-05-02T04:22:12,2199639.1199,2606155.461,3003793.4719000002,2180589.7808
2025-05-02T05:18:05,2196717.8142,2598948.325,2954092.8608,2167501.9654
2025-05-02T06:17:52,2196638.6165,2592249.7736,3018221.5049,2181363.1514
2025-05-02T07:14:21,2232433.6006,2576428.3215,3096503.2603,2185702.2165
2025-05-02T08:32:25,2346373.9368,2850643.9058,3363868.4976,2093215.2265
2025-05-02T09:26:33,2521945.8171,3043987.4173,3523526.8699,2135671.1118
2025-05-02T10:16:22,2535157.8535,3219603.5595,3590952.6289999997,2355740.4944
2025-05-02T11:17:16,2471438.7129,3342422.7615,3606975.7276,2348433.6487
2025-05-02T12:20:36,2460973.5121,3358083.9819,3761200.1101,2376272.691
2025-05-02T13:15:11,2419434.832,3361964.4021,3809974.4348,2397407.6199
2025-05-02T14:22:26,2316885.6433,3368824.5557999997,3638556.5963,2296498.7234
2025-05-02T15:14:07,2458305.8053,3406296.3742,3626127.5457,2365047.0994
2025-05-02T16:18:51,2465851.4406999997,3796806.978,3838590.0748,2448347.432
2025-05-02T17:16:55,2480028.153,3813117.9478,4041093.3841,2515951.0236
2025-05-02T18:15:58,2561386.0217,3859167.5818,4029284.7006,2509295.1419
2025-05-02T19:16:05,2587243.5343,3813952.5834,4013547.6906,2557290.3388
2025-05-02T21:15:02,2502278.4017,3661068.2975,3774389.3092,2318886.6695
2025-05-02T23:02:14,2482191.8904,3633477.2556,3729634.9165000003,2353768.2319
2025-05-03T00:19:18,2465438.3149,3599698.7366,3743858.8811,2352315.9247
2025-05-03T01:17:03,2428124.1672,3579100.0358,3754053.9614,2300395.1064999998
2025-05-03T02:21:41,2361893.2684,3565127.6667,3702260.345,2206869.11
2025-05-03T03:15:27,2354523.4337,3557580.4737,3749246.2839,2298326.5887
2025-05-03T04:19:33,2340823.8094,3546173.9906,3823666.6063,2292033.3171
2025-05-03T05:16:14,2347187.3693,3540027.5338,3828888.8293,2296413.8754
2025-05-03T06:16:04,2373072.2736,3459186.0099,3899702.8982,2206553.8688
2025-05-03T07:13:20,2402357.132,3344417.1747,3936573.2268,2148115.3159
2025-05-03T08:29:54,2460621.4622,3076820.898,4039924.3094,2224959.6053
2025-05-03T09:23:00,2351331.8933,2866525.8304,3777158.5003,2284135.4848
2025-05-03T10:14:39,2415686.854,2782553.9176,3893002.898,2301879.8916
2025-05-03T11:15:31,2505261.24,2750180.6902,3950518.7046,2288308.3246999998
2025-05-03T12:18:44,2563736.0511,2695410.2268,4085745.0928,2222911.8132
2025-05-03T13:13:33,2548477.4864,2684017.8906,4154048.6114000003,2282271.6878
2025-05-03T14:20:46,2592403.6573,2636483.3557,4094421.709,2342943.6708
2025-05-03T15:12:49,2584778.2555,2545784.8436,4134941.3113,2450860.0717
2025-05-03T16:17:07,2608928.3736,2505565.0361,4158528.3925,2510456.6726
2025-05-03T17:14:30,2574107.7148,2515572.9913,4075418.6539,2423296.4408
2025-05-03T18:15:17,2512133.5878,2492363.602,3992208.1836,2465231.5046
2025-05-03T19:15:14,2494807.2699,2485171.3469,3968855.257,2446778.6312
2025-05-03T21:23:26,2471455.6026,2494240.3956,3866972.7158999997,2360682.1984
2025-05-03T23:15:27,2450692.0249,2563965.364,3810451.9489,2253260.1295
2025-05-04T00:20:26,2511272.0741,2568074.9761,3731158.8708,2264458.2573
2025-05-04T01:16:28,2490925.9254,2551180.3972,3695115.5965,2268886.8851
2025-05-04T02:22:31,2496870.6606,2566723.764,3676934.6863,2202895.4997
2025-05-04T03:15:27,2532971.0022,2574207.4956,3629366.6813,2183471.4129
2025-05-04T04:20:01,2494850.0348,2563949.4277,3633732.4256,2121519.6678
2025-05-04T05:16:12,2466823.8957,2534182.6254000003,3594333.823,2125505.7333
2025-05-04T06:16:32,2465025.5812,2522000.0568,3607337.5997,2139491.0937
2025-05-04T07:13:28,2403866.1509000002,2427762.8429,3552162.4187,2063872.8185999999
2025-05-04T08:30:02,2273457.2313,2535496.2701,3313593.2178,2027001.825
2025-05-04T09:23:39,2177045.2671,2494673.8969,3250154.6339000002,1949865.3076
2025-05-04T10:14:42,2124817.481,2429631.7783,3233219.5969,1925906.6582
2025-05-04T11:16:10,2137100.8525,2330872.6237,3220577.988,1938265.4817
2025-05-04T12:18:55,2087595.3291,2236509.4402,3237370.0269,2036995.9677
2025-05-04T13:13:50,2077868.708,2188082.812,3150086.3672,2054004.72
2025-05-04T14:21:06,2038015.0684,2096726.6822,3015309.7503,1989848.6498
2025-05-04T15:13:57,2000830.3956,2029283.7612,2932996.9446,1974677.7367
2025-05-04T16:18:27,1964178.1939,1968210.9146,2825424.5115,1921651.6033
2025-05-04T17:15:08,1929231.9765,1916450.9153,2727755.1411,1943436.4427
2025-05-04T18:15:21,1904771.2581,1875029.6797,2631744.3546,1899283.9654
2025-05-04T19:15:31,1894909.2283,1852569.2184,2613058.2476,1901092.5150000001
2025-05-04T21:19:52,1850408.8754,1875076.5668,2502237.9955,1850500.5455
2025-05-04T23:11:26,1835157.0598,1888560.1554,2475494.0147,1843968.0421
2025-05-05T00:21:05,1805542.7108,1818549.0195,2404435.5840000003,1839120.3104
2025-05-05T01:18:04,1805348.6006,1812290.0673,2417810.6746,1835767.7229
2025-05-05T02:25:16,1804129.2831,1805768.515,2454407.0077,1859746.152
2025-05-05T03:17:58,1802751.2637,1801938.6287,2505406.8222,1916487.2699
2025-05-05T04:23:31,1801186.6747,1796541.4074,2602527.6216,1914574.8054
2025-05-05T05:18:51,1796097.4829,1793399.928,2606936.7057,1933922.2268
2025-05-05T06:18:57,1785695.3604000001,1774286.9198,2603105.2503,1910986.6868
2025-05-05T07:14:24,1756444.6042,1685042.8927,2571938.3993,1986475.2631
2025-05-05T08:33:37,2010025.0671,1709525.4557999999,3029955.393,2086265.3859
2025-05-05T09:27:56,2175758.8579,1775309.9485,3220629.5123,2378543.5827
2025-05-05T10:18:44,2265858.524,2007414.5547,3249846.7408,2386862.1367
2025-05-05T11:18:34,2404858.8365,2084387.9969,3331518.541,2588235.4377
2025-05-05T12:22:36,2439012.6078999997,2006817.2533,2613291.9021,2628487.1212
2025-05-05T13:15:13,2390128.8913000003,2351267.247,3651920.0977,2716652.3919
2025-05-05T14:20:50,2344149.8012,1940461.2281,3261737.1127,2371047.0389
2025-05-05T15:12:39,2351965.6684,2389953.9921,3458744.2546,2402357.7109
2025-05-05T16:18:53,2364697.6741,2398102.1945,3515588.3478,2430496.7538
2025-05-05T17:16:05,2374384.6662,2402437.798,3524689.253,2428492.4939
2025-05-05T18:16:39,2391748.6519,2492409.4791,3433674.847,2475512.3186
2025-05-05T19:16:01,2342075.1297999998,2400430.3717,3422167.1923,2455835.3006
2025-05-05T21:17:15,2221394.6389,2299128.4653,3149356.2096,2392976.5693
2025-05-05T23:07:11,2194542.2455,2219415.4655999998,3083313.0632,2264170.707
2025-05-06T00:20:30,2218345.2248,2207476.7526000002,3057160.0092,2211087.8415
2025-05-06T01:17:35,2208352.3323,2172505.4062,2999185.2041,2127577.6675
2025-05-06T02:23:50,2197108.4348999998,2164929.9451,3052154.1662,2177265.89
2025-05-06T03:17:00,2189864.4838,2179203.2985,3104483.3102,2172540.6696
2025-05-06T04:22:45,2136872.8059,2172875.1739,3191280.6612,2204666.3493
2025-05-06T05:18:32,2054676.9354,2170535.6839,3045893.4087,2176437.1782
2025-05-06T06:18:21,2048367.4148,2142818.4016,2997695.041,2110871.552
2025-05-06T07:14:28,2016107.2604999999,2030311.5,3081594.002,2013283.19
2025-05-06T08:35:20,2038594.0659999999,2279810.9382,3194971.3415,2031186.2556
2025-05-06T09:29:44,2247205.1691,2724651.4907,3209094.1436,2339052.9013
2025-05-06T10:17:22,2521568.0015,2771917.0294,3212502.8494,2364129.3916
2025-05-06T11:22:01,2550931.6752,2779287.5345,3143720.8397,2468636.6562
2025-05-06T12:19:34,2593999.7593,2800498.7912,3152424.4944,2290651.9625
2025-05-06T13:15:37,2592557.3973,2907684.0949,3176878.8032,2271556.8254
2025-05-06T14:23:08,2485814.9447,2894558.0376,3200085.898,2238307.3559
2025-05-06T15:12:51,2523064.53,2834528.6443,3123395.8812,2382336.509
2025-05-06T16:19:06,2548016.0656,2856774.1138,3014707.3403,2375541.6311
2025-05-06T17:16:11,2532060.661,2888614.0869,2935538.6516,2263737.7629
2025-05-06T18:15:58,2507961.5563,2888838.1568,2991849.1977,2269595.7352
2025-05-06T19:15:45,2489816.8994,2900549.4611,2927268.8391,2264078.3408
2025-05-06T21:17:43,2426658.7103,2783083.5358,2749089.0456,2198567.6242
2025-05-06T23:08:28,2395934.0845,2772465.4837,2758570.9667,2144840.8991
2025-05-07T00:20:10,2396107.4672,2767931.5442,2691729.7954,2076003.9404
2025-05-07T01:17:25,2393000.6511,2768367.4128,2662452.7483,2046307.5918999999
2025-05-07T02:24:14,2384997.0639,2766727.8808999998,2687337.9116,2034030.7361
2025-05-07T03:17:34,2380425.1664,2783619.2425,2765213.205,2059693.1639999999
2025-05-07T04:23:38,2377461.9483,2776689.0305,2903688.2671,2095273.814
2025-05-07T05:18:40,2368915.2357,2742967.9482,2891510.1143,2089116.6829
2025-05-07T06:19:12,2369784.2296,2714108.8586,2843607.9086,2054815.9423
2025-05-07T07:15:14,2415301.8626,2769313.2336,3015295.8186,2080020.8909
2025-05-07T08:35:58,2331269.779,2604429.153,3060238.4803,2172050.3492
2025-05-07T09:30:58,2434745.2808,2807059.661,3051615.7375,2251364.6348
2025-05-07T10:17:43,2490038.2014,2854578.648,3109031.6167,2344926.1448
2025-05-07T11:20:00,2422807.541,2936987.1955,3101350.9386,2431465.2317
2025-05-07T12:21:52,2465855.4594,2955309.2,3069921.0961,2360193.636
2025-05-07T13:17:25,2352985.3433,2848027.5589,3012773.565,2243911.4592
2025-05-07T14:24:18,2331556.4998,2861922.7416,3024974.1172,1834125.1122
2025-05-07T15:14:35,2311234.3782,2846515.6294,2965391.3778,2162997.2441
2025-05-07T16:19:01,2417033.5263,2898287.5847,3060978.8234,2139371.716
2025-05-07T17:15:08,2371998.8394,3029113.7353,3078754.1961,2294481.2857
2025-05-07T18:16:35,2353833.9581999998,2929826.0455,3034065.9747,2333430.5368
2025-05-07T19:16:24,2300828.3058,2967458.3759,2920363.5724,2265020.0268
2025-05-07T21:18:27,2208342.2561,2797726.0806,2818194.7844,2155166.5354
2025-05-07T23:09:58,2176431.8699,2806149.4588,2685078.1112,2117992.2240999998
2025-05-08T00:21:14,2223226.0159,2789053.5197,2648263.1126,2112764.5199
2025-05-08T01:17:31,2187314.2175,2804263.1233,2582385.1938,2083994.6219
2025-05-08T02:24:57,2179160.8379,2795770.98,2597658.4895,2130290.7579
2025-05-08T03:17:05,2172546.8994,2787845.9345,2607242.657,2110676.3931
2025-05-08T04:22:31,2170964.4739,2797450.2298,2590246.0456,2104134.1521
2025-05-08T05:18:28,2165313.1524,2784538.2226,2695731.6843,2078860.8828
2025-05-08T06:19:03,2201620.4403,2769991.2063,2664909.9726,2090962.0404
2025-05-08T07:14:43,2284862.8517,2704821.4703,2707276.0812,2205688.9184
2025-05-08T08:33:28,2351842.1773,2689265.8923,2828612.2904,2309729.5684
2025-05-08T09:28:59,2483063.2035,2712962.9387,2948738.8603,2324949.5078000003
2025-05-08T10:15:17,2535981.9423,2666816.1739,3028370.7725,2298349.4427
2025-05-08T11:18:21,2525966.022,2723530.0505999997,3130420.8449,2327393.1043
2025-05-08T12:21:24,2547760.0206,2937407.237,3156512.7289,2401829.9836999997
2025-05-08T13:14:56,2501656.4749,2974270.972,3061319.3614,2401222.4123
2025-05-08T14:23:34,2471885.8969,2956783.5439,2958091.2288,2413233.7737
2025-05-08T15:14:12,2510365.7644,2985556.0995,2987768.4928,2477597.5572
2025-05-08T16:18:54,2455102.6264,2959513.8193,2952472.4813,2482912.7103
2025-05-08T17:16:06,2626319.168,3044621.8505,2852788.7457,2517540.7513
2025-05-08T18:16:17,2621431.7176,3211830.1647,2747537.5074,2550773.9004
2025-05-08T19:16:51,2551358.2875,3113856.5468,2668583.3728,2472735.5027
2025-05-08T21:17:36,2510509.0574,2953100.7207,2578454.1401,2375023.7661
2025-05-08T23:10:28,2602953.907,2958007.3764,2546997.5544,2351745.1525
2025-05-09T00:20:45,2515255.6175,2893036.2599,2526837.257,2370600.8828
2025-05-09T01:17:18,2509327.5369,2903920.6409,2495910.7122,2342612.6632
2025-05-09T02:24:33,2504349.6831,2894020.3675,2494799.8302,2314939.0069
2025-05-09T03:16:52,2501361.1186,2897971.5657,2484869.5974,2299279.7877
2025-05-09T04:22:13,2493519.2991,2888449.7277,2483210.9234,2290480.3092
2025-05-09T05:18:14,2486593.7062,2874894.114,2474697.1911,2288427.6877
2025-05-09T06:17:49,2417700.5974000003,2833555.2459,2524307.0181,2290993.934
2025-05-09T07:13:59,2305581.7391,2766857.3711,2571056.7957,2196395.691
2025-05-09T08:32:57,2312774.3341,2829010.1844,2541266.9045,2181523.0625
2025-05-09T09:27:45,2398815.3882999998,3047481.1077,2593471.7182,2013156.9216
2025-05-09T10:16:56,2390161.2386,3086792.5573,2523787.8215,2049115.7557
2025-05-09T11:17:31,2543982.7761,3091406.5598,2488518.4176,2138885.0878
2025-05-09T12:20:38,2759046.1322999997,3250351.927,2566626.2944,2220771.1756
2025-05-09T13:15:18,2829964.9488,3342236.1772,2540994.5824,2250718.4564
2025-05-09T14:22:40,2720326.2683,3336648.2971,2525208.6559,2114988.599
2025-05-09T15:13:53,2746864.5926,3352385.2615,2526402.0469,2141571.508
2025-05-09T16:18:42,2729476.3688,3408999.3521,2592101.6099,2299984.8531
2025-05-09T17:15:11,2714330.1805,3403859.5167,2821954.7462,2270654.574
2025-05-09T18:16:04,2636442.6355,3438989.3274,2741850.6421,2349125.312
2025-05-09T19:15:32,2560957.0003,3420066.2391,2851349.2068,2314881.9657
2025-05-09T21:14:47,2429131.8744,3311867.0224,2808232.17,2170586.2539
2025-05-09T23:02:18,2513381.4030999998,3240658.2915,2731702.7884,2171399.7218
2025-05-10T00:19:24,2441379.7813,3183445.1703,2662132.5617,2319592.5381
2025-05-10T01:15:44,2409362.8563,3187828.8227,2630905.3422,2307536.3485
2025-05-10T02:21:28,2402756.3575999998,3184993.9998,2622835.8345,2240710.734
2025-05-10T03:14:59,2399443.2537000002,3172885.5438,2648801.7417,2228266.9554
2025-05-10T04:19:36,2393384.779,3116986.7464,2639180.1468,2198844.1465
2025-05-10T05:15:45,2387422.911,3097642.6484,2661867.7553,2257171.9547
2025-05-10T06:16:21,2412431.6218,3108390.4596,2690627.3911,2264840.2134
2025-05-10T07:14:09,2282284.1757,3071287.4951,2654994.9594,2120572.5323
2025-05-10T08:29:56,2300815.7181,2941984.2770000002,2793216.2359,2257103.1632
2025-05-10T09:23:21,2403426.8197,2838194.839,2644821.8976,2199440.755
2025-05-10T10:14:22,2412069.8748,2959551.7155,2786419.6114,2181174.7597
2025-05-10T11:16:20,2654778.9951,3007115.0596,2768800.9041,2181482.7274
2025-05-10T12:19:52,2418424.6288,3166003.2598,2938268.5083,1904292.6462
2025-05-10T13:13:41,2844834.1468,3148264.8826,2995439.2381,2437716.3115
2025-05-10T14:20:16,2864289.3734,3151832.6069,3037251.658,2431460.9288
2025-05-10T15:12:53,2983630.7611000002,3020414.9756,2981960.5705,2356885.0789
2025-05-10T16:17:05,2935327.0678,3038522.2183,2913100.6997,2352885.7683
2025-05-10T17:14:11,2881307.3293,2993629.6991,2837252.584,2265490.4357
2025-05-10T18:14:51,2825649.0023,2969880.3512999997,2785225.1058,2159452.3374
2025-05-10T19:15:18,2769183.611,2928830.6604999998,2841749.0652,2089379.0889
2025-05-10T21:22:28,2668023.901,2788992.6159,2757918.5385,2080048.3055
2025-05-10T23:13:08,2603940.0343,2696140.2638,2700103.2766,2049079.2355
2025-05-11T00:20:10,2607311.2933,2685113.8026,2632678.9374,1986176.1153
2025-05-11T01:16:09,2574819.2353,2655595.0016,2602221.7709,1970378.8337
2025-05-11T02:22:06,2557165.2279,2632721.9115,2465490.5329,1898761.7268
2025-05-11T03:15:43,2509374.1003,2616047.2076,2540583.1412,1896523.1146
2025-05-11T04:20:00,2504810.4439,2619487.3287,2556406.8864,1896463.9068
2025-05-11T05:16:17,2495381.79,2587783.1324,2510210.0477,1903093.3680999998
2025-05-11T06:16:00,2446015.4803,2535362.1786,2561023.9832,1746486.8281
2025-05-11T07:13:02,2451610.725,2508103.5236,2552515.6312,1799714.8566
2025-05-11T08:30:09,1929237.0657,2324052.2458,2341129.4056,1723281.2523999999
2025-05-11T09:23:38,1964483.64,1864356.0584,1458040.5659,1684993.1747
2025-05-11T10:14:58,1913685.9833,2296535.9743,2282408.6465,1703468.7404
2025-05-11T11:15:26,1895218.2692,2258219.2167,2180710.0994,1793586.8331
2025-05-11T12:18:35,1824095.5914,2128902.4836999997,2106372.6844,1712367.6414
2025-05-11T13:13:43,1788592.4906000001,2038138.0064,2114236.8966,1672100.3322
2025-05-11T15:12:50,1755289.0086,1851151.1299,2092981.714,1681189.2097
2025-05-11T16:17:12,1767277.0877,1778912.9881,2031862.2403,1606804.9818
2025-05-11T17:14:44,1805135.9857,1731491.5658,1973812.0179,1560510.5221
2025-05-11T18:15:11,1780210.8977,1652554.4138,1895289.5228,1510505.1774
2025-05-11T19:15:11,1784931.7404,1612810.7978,1841713.7722,1454584.0229
2025-05-11T21:20:37,1750835.8767000001,1618503.7432,1868673.1312,1412833.1367
2025-05-11T23:13:02,1708859.5808,1314151.5568,1891337.98,1090517.5169
2025-05-12T00:23:36,1733946.9334,1586837.165,1881750.8394,1354800.9514
2025-05-12T01:17:46,1731424.698,1577938.5023999999,1863958.1845,1323598.5783
2025-05-12T02:25:19,1730090.0634,1572376.6201,1887493.0586,1315934.3158
2025-05-12T03:17:57,1728763.7938,1569314.3196999999,1902143.8455,1415298.1818
2025-05-12T04:23:45,1722796.5037,1531464.0122,1933682.491,1449573.6594
2025-05-12T05:19:23,1716100.9298,1526643.2651,1922751.0547,1461060.5606
2025-05-12T06:19:33,1736825.0895,1575804.831,1938192.9361999999,1466350.3119
2025-05-12T07:14:45,1690062.8047,1579872.2559,2037959.96,1498830.6566
2025-05-12T08:35:59,1824306.0957000002,1792112.1491,2036133.3263,1569813.4193
2025-05-12T09:30:15,1954826.1955000001,2070462.2497,2226427.9594,1833139.9692
2025-05-12T10:18:38,2025373.2599,2175642.215,2273752.4223,1936617.8434
2025-05-12T11:20:25,2083207.117,2420259.5983,2290169.9801,2076189.8259
2025-05-12T12:21:47,2080724.5164,2474807.0287,2252264.8909,1977557.905
2025-05-12T13:14:56,2037081.6124000002,2678350.8771,2201847.9154,1989312.9487
2025-05-12T14:23:09,1988851.7337,2714462.3493,2264028.5141,1942697.7905
2025-05-12T15:14:27,1941347.4788,2561383.3681,2236202.8888,1925129.6384
2025-05-12T16:19:21,2068780.3723000002,2736052.6198,2293504.5808,2103110.7231
2025-05-12T17:15:58,2116677.5056000003,2786319.0097,2332183.3172,2198618.2962
2025-05-12T18:16:38,2106016.4704,2798203.1182,2420333.447,2305388.0939
2025-05-12T19:16:08,2092358.3837000001,2716806.2828,2386126.7382,2190006.6939
2025-05-12T21:19:05,2022870.3764,2613697.4992,2262108.4267,2097637.0919
2025-05-12T23:10:38,1973158.5895,2643793.2145000002,2286916.8966,1976735.9254
2025-05-13T00:21:32,1956628.8522,2617380.0106,2214954.5198,1955078.2528
2025-05-13T01:17:22,1945654.2140000002,2625496.4034,2251430.232,2038758.4834
2025-05-13T02:24:42,1932064.1202,2611800.9122,2299595.9765,1865497.2314
2025-05-13T03:17:42,1926414.1592,2605211.3047,2401893.2703,1917919.2393
2025-05-13T04:23:12,1922252.9571,2596508.3364,2412081.7867,1990021.8996
2025-05-13T05:18:33,1917991.3801,2559148.7396,2414348.5035,1981136.4022
2025-05-13T06:18:57,1812534.7978,2340824.9176,2478719.4701,1969972.1183
2025-05-13T07:15:16,1842929.5504,2312901.6118,2441333.7243,1853739.9024
2025-05-13T08:35:02,2023948.8618,2091039.1914,2269962.1808,1987268.2015
2025-05-13T09:31:06,2156509.0932,2025862.422,2242245.0678,1562195.3497
2025-05-13T10:18:00,2226152.3808,2081894.4405,2524077.2804,1619263.3146
2025-05-13T11:18:15,2304969.1442,2260100.7789,2606554.2516,1603062.502
2025-05-13T12:22:00,2256085.4472,2230201.5864,2685651.2975,1682157.5567
2025-05-13T13:16:01,2245919.1113,2325850.7241,2639497.955,1562646.1831
2025-05-13T14:24:15,2167796.8033000003,2251500.9123,2665345.0868,1484975.624
2025-05-13T15:14:19,2172908.2309,2302680.1484,2647050.5843,1469382.2859
2025-05-13T16:19:21,2158766.4153,2223558.1257,2550518.0396,1388421.5758
2025-05-13T17:16:13,2120081.1536000003,2202866.7391,2507833.6529,1426595.1167
2025-05-13T18:16:56,2082090.8596,2235728.6739,2490288.902,1501393.5471
2025-05-13T19:16:14,2050907.4207,2243723.9729999998,2536834.3283,1596490.824
2025-05-13T21:17:45,1983999.7401,2112736.7457,2454821.5124999997,1462598.4806
2025-05-13T23:09:00,1969962.9980000001,2101943.148,2366101.2489,1385896.0136
2025-05-14T00:20:53,1965921.0813000002,2072567.0083,2318388.2287,1410333.3386
2025-05-14T01:17:36,1944246.2240000002,2025637.9661,2290202.5174,1394793.9818
2025-05-14T02:24:21,1938929.9854000001,2023075.2920000001,2280702.7695999998,1359170.2853
2025-05-14T03:17:05,1935066.4547000001,2012079.6563,2326486.1354,1416681.1692000001
2025-05-14T04:22:31,1931267.7817000002,1996322.0335,2309058.4361,1436454.5077
2025-05-14T05:18:28,1927114.7825000002,1968828.4855,2403059.0689,1428392.5165
2025-05-14T06:18:58,1914037.5686,1947043.6618000001,2317985.119,1374885.2241
2025-05-14T07:14:50,1940715.5531000001,1884366.4961,2290046.0555,1384380.3483
2025-05-14T08:33:52,1996059.6709,1890421.6872,2464220.795,1298605.3693
2025-05-14T09:29:10,2039195.1343,2134712.163,2389419.2264,1525281.7475
2025-05-14T10:17:38,2040649.5916,2261770.7156,2431292.6091,1599879.111
2025-05-14T11:18:33,2058684.365,2231421.5184,2479351.1066,1794039.758
2025-05-14T12:21:21,2114780.0262,2229240.4494,2481821.6993,1723900.2695
2025-05-14T13:15:25,2162906.6513,2235807.6602,2429347.7279,1648469.0729
2025-05-14T14:22:07,2098827.0471,2003099.8278,2234186.7535,1694736.3178
2025-05-14T15:14:11,2083737.1323000002,2277060.8055,2629659.7963,1627284.5174
2025-05-14T16:16:30,2054515.1431,2269686.3183999998,2551493.0236,1536333.3106
2025-05-14T17:14:46,2032689.4653,2256269.1093,2461400.0818,1484405.9041
2025-05-14T18:13:58,2018204.5401,2437170.5998,2381790.187,1532265.836
2025-05-14T19:15:08,2034205.9471,2341518.7483,2452939.8499,1526813.403
2025-05-14T21:15:54,2045146.3055,2209167.6181,2280077.3408,1432463.0881
2025-05-14T23:08:26,1990091.5064,2144925.4533,2254560.7075,1397794.8942
2025-05-15T00:20:50,1985834.98,2109589.7949,2220363.6809,1372890.052
2025-05-15T01:18:06,1970590.5017000001,2119006.5982,2232893.8378,1338892.8156
2025-05-15T02:24:58,1960299.7632,2102937.3542,2245653.3199,1363923.9767
2025-05-15T03:17:37,1918656.2972000001,2092867.8579,2285190.9436,1339106.3128
2025-05-15T04:22:55,1942557.3274,2082363.6221,2331759.9611,1373809.4159
2025-05-15T05:18:31,1938676.4416,2074277.8869,2333649.1986000002,1426194.9875
2025-05-15T06:18:49,1929215.8086,2064203.1218,2363215.6337,1305467.913
2025-05-15T07:15:15,1794762.536,2083808.5953,3747609.4023,1284538.6664
2025-05-15T08:33:58,1939675.719,2207901.3414,3584928.9936,1453414.144
2025-05-15T09:27:48,1950079.1798,2168586.7758,3489704.4182,1437496.5785
2025-05-15T10:17:53,1989797.5325000002,2343481.4358,3455453.6873,1442885.9009
2025-05-15T11:17:08,1968997.5289,2431983.7402,3388416.2728999997,1582898.5303
2025-05-15T12:21:41,1962161.0951,2439579.1161,3334554.0217,1547131.6853
2025-05-15T13:15:40,1949392.2962000002,2445275.3814,3305839.4908000003,1508645.3695
2025-05-15T14:23:53,1908668.1449,2420770.0224,3232889.6116,1378076.4686
2025-05-15T15:13:48,1887062.6046,2417112.9634000002,3194682.1727,1271965.1986
2025-05-15T16:19:27,1846870.3903,2418688.9784,3149483.5415,1347582.1224
2025-05-15T17:16:12,1829719.9169,2429551.9092,3143338.8523,1501549.8288
2025-05-15T18:15:53,1769619.6813,2495127.5182,3099138.9123,1572273.7014
2025-05-15T19:16:54,1753432.6549,2444328.0233,3119640.5752000003,1616657.2096
2025-05-15T21:18:37,1757935.0627,2355536.6867,3008154.855,1568621.9928
2025-05-15T23:11:14,1725674.5971000001,2275548.5315,3061909.8969,1629571.0838
2025-05-16T00:21:49,1697839.6482,2259532.9156,3036982.8680999996,1627299.9916
2025-05-16T01:17:56,1685009.7307,2126164.1469,3096015.1544999997,1531612.9471
2025-05-16T02:25:05,1672536.5779,2103699.8533,3085870.2087,1514598.7161
2025-05-16T03:17:15,1668354.5586,2090895.6345,3120663.7511,1561201.0546
2025-05-16T04:22:19,1663681.2227,2077134.2238,3101593.3225,1516822.9664
2025-05-16T05:18:12,1659122.1507,2038794.2516,3125570.4292,1518331.7417
2025-05-16T06:18:39,1633393.5312,2036278.0559,3110170.7726999996,1519823.5359
2025-05-16T07:14:49,1654720.6575,1969965.7491000001,3221782.0043,1191369.7387
2025-05-16T08:33:58,1907300.1101,1999573.679,3616678.7257,1347101.1411
2025-05-16T09:28:41,2119935.869,2254009.7135,3533094.357,1489699.3602
2025-05-16T10:16:46,2052036.6191,2315112.7966,3559607.0521,1420733.0076
2025-05-16T11:16:15,2024633.7667,2252859.1172,3564269.5798,1442078.23
2025-05-16T12:21:04,1944786.1249,2254027.9704,3566470.9108,1433099.9961
2025-05-16T13:14:23,1919579.8588999999,2126564.6757,3521944.8866,1307830.8502
2025-05-16T14:23:12,1849722.0673,2071393.407,3406409.5352000003,1156344.7611
2025-05-16T15:14:18,1840176.5537,2067461.3852,3450070.8377,1152026.023
2025-05-16T16:19:01,1889384.1834,2128000.0051,3401472.468,1235164.2479
2025-05-16T17:15:40,1895716.9438,2082026.8088,3367749.1856,1264134.813
2025-05-16T18:16:03,1847361.2894000001,2191891.4605,3311360.9642000003,1387059.6321
2025-05-16T19:16:03,1827851.0328,2108215.4377,3184583.337,1451757.9186
2025-05-16T21:16:44,1789807.7669,2009536.9952,3061918.4402,1439894.2086
2025-05-16T23:06:10,1722297.2998,2022836.1415,2957385.8948,1496470.5171
2025-05-17T00:19:49,1740463.6671,2101687.9573999997,2910238.5193000003,1542177.5733999999
2025-05-17T01:16:05,1734611.6309,2071558.2776,2922904.0067,1491580.481
2025-05-17T02:21:51,1730147.6641000002,2020211.5547,2983540.6485,1433828.4732
2025-05-17T03:15:20,1724938.0765,1978492.5348,2998290.1677,1472417.67
2025-05-17T04:20:02,1718443.7156,1950728.8466999999,3035027.0693,1521022.8836
2025-05-17T05:16:30,1716386.5597,1918290.7363,3052254.0831,1488048.9872
2025-05-17T06:17:20,1713651.8286,1885046.3361,1747494.4565,1449125.8510999999
2025-05-17T07:13:33,1693184.9785,1977138.7729,1847626.0767,1385554.4489
2025-05-17T08:30:32,1875761.0721,2132937.554,1896271.2228,1310999.2626
2025-05-17T09:23:27,1940526.6722,2046054.1599,2099169.3286,1245996.4821
2025-05-17T10:14:33,2029957.6401,2128309.6033,2115101.3933,1152196.5635
2025-05-17T11:15:42,2123198.756,2214376.8015,2139291.9095,1118528.73
2025-05-17T12:19:19,2162141.8643,2273428.4718,2086821.7879,1071507.8834
2025-05-17T13:14:05,2162036.2166,2396069.913,2116438.2759000002,963902.0268999999
2025-05-17T14:21:33,2072188.5914,2444176.6541,2018973.6934,1007981.3096
2025-05-17T15:13:44,2033991.486,2584672.9869,2059392.608,1069475.2198
2025-05-17T16:17:23,1987028.7152,2539124.3581,1979698.9153,1089796.9572
2025-05-17T17:14:54,1936096.7913,2554665.6996,1898254.9448,1116683.1645
2025-05-17T18:14:59,1880701.5628000002,2481534.506,1810925.6243,1064561.0773
2025-05-17T19:15:13,1793490.5842,2498105.0696,1712385.4937,1029359.151
2025-05-17T21:23:18,1837425.0312,2308947.2387,1605770.195,892076.539
2025-05-17T23:16:10,1820030.8873,2276038.5376999998,1521053.4476,864798.8668
2025-05-18T00:22:56,1858308.0931,2242135.9673,1489696.9745,827923.2868
2025-05-18T01:16:20,1795135.441,2231867.4505,1484956.4465,845879.4124
2025-05-18T02:23:00,1716922.5147,2186239.0973,1412833.3395,779723.0681
2025-05-18T03:15:20,1704381.6038,2158031.5304,1388801.8367,768296.3752
2025-05-18T04:20:14,1701176.0247,2133733.4855,1365433.2945,750074.0831
2025-05-18T05:16:03,1697243.7675,2138213.2007999998,1350345.1622000001,738930.5374
2025-05-18T06:16:57,1669647.4043,2103070.7828,1340027.2114,721222.6832
2025-05-18T07:13:13,1691592.7222,2046523.1885,1319280.9261,669775.0286
2025-05-18T08:30:48,1657998.5057,2077927.7789,1254453.3855,828988.144
2025-05-18T09:24:26,1660256.9717,2119918.8098,1069535.9031,739808.2161
2025-05-18T10:14:37,1645269.7587,2004449.3617999998,1073707.4903,730602.0163
2025-05-18T11:16:09,1620431.4282,1852756.9751,1153135.1796,691369.1733
2025-05-18T12:18:40,1601731.3673,1848634.8691,1192397.4555,719443.4093
2025-05-18T13:14:13,1595561.1777000001,1797383.0068,1196734.2789,690655.5948
2025-05-18T14:21:08,1586182.8605,1723557.5577,1201905.7586,673588.2403000001
2025-05-18T15:13:17,1580272.404,1707358.2248,1172182.9836,676120.4076
2025-05-18T16:18:03,1578081.3183,1674583.8933,1151928.0067,654319.4781
2025-05-18T17:15:14,1578365.417,1617293.4988,1126869.1228,664181.6932
2025-05-18T18:15:27,1618460.5633,1675473.4143,1069537.6116,691834.7129
2025-05-18T19:15:53,1612581.7753,1629892.2649,1047692.2485999999,699552.1921
2025-05-18T21:22:03,1657231.794,1612447.3653,961864.8619,723350.0765
2025-05-18T23:16:50,1652258.0422,1620688.503,943264.5912,747133.4332
2025-05-19T00:25:20,1655833.0135,1642551.1318,1037646.6739,730312.9861
2025-05-19T01:17:39,1643693.645,1627796.4705,909833.7025,706253.6852
2025-05-19T02:25:44,1613242.365,1652548.9465,895368.3574,675698.9622
2025-05-19T03:17:58,1613022.035,1644334.6148,953327.1799999999,660822.1853
2025-05-19T04:24:45,1612296.105,1633071.9493,1042996.1603,643655.1279
2025-05-19T05:19:54,1610801.369,1622279.9052,1084072.8763,629613.5005
2025-05-19T06:19:40,1599906.3184,1595858.2506,1111486.5866999999,611999.6275
2025-05-19T07:15:16,1556057.0736,1525231.3544,1075549.9048,603474.0266
2025-05-19T08:35:29,1617796.9648,1656657.6528,1364433.836,723250.4552
2025-05-19T09:30:29,1761836.3327,2145612.9138,1539436.6186,834911.9155
2025-05-19T10:18:01,1873937.8427,2284974.3587,1648744.6404,1182733.6534
2025-05-19T11:19:23,1998202.0097,2471336.76,1599421.5402,1279207.7312
2025-05-19T12:21:42,2078498.2092,2507542.665,1730258.3946,1394764.9918
2025-05-19T13:15:42,2006715.4803,2485539.9586,1756420.1729,1450924.9337
2025-05-19T14:24:19,2122766.1248,2512319.449,1761424.984,1444855.1024
2025-05-19T15:14:12,2104914.5617,2531110.8126,1809290.2452,1497073.0177
2025-05-19T16:18:53,2064737.9478,2777205.8277,1846308.0261,1558147.8011999999
2025-05-19T17:16:11,1965074.5173,2943562.2076,1812934.9826,1547547.7068
2025-05-19T18:16:42,1938115.3708000001,3012420.8843,1723122.1984,1627395.614
2025-05-19T19:16:24,1898589.808,2929000.2734,1629331.2742,1667379.7147
2025-05-19T21:19:48,1826217.338,2752047.0396,1691943.1603,1524242.0077
2025-05-19T23:11:18,1800300.6559000001,2702923.4165,1590210.6413,1421882.8286000001
2025-05-20T00:21:00,1736760.6097,2684633.3803,1542306.4892,1269178.3274
2025-05-20T01:17:38,1735442.4745,2677278.119,1467783.5417,1338196.5097
2025-05-20T02:25:09,1720982.9573000001,2643531.3424,1447817.797,1293853.185
2025-05-20T03:17:23,1716918.7566,2620651.5274,1437796.8179,1273262.6649
2025-05-20T04:24:07,1712429.0177,2599699.0763,1427961.8287,1250791.5742
2025-05-20T05:19:22,1710805.5486,2530179.3164,1409668.4492,1227402.7081
2025-05-20T06:19:11,1701714.3239,2525484.844,1423249.4263,1186307.3509
2025-05-20T07:15:08,1668701.8947,2312907.0005,1436259.106,1111741.8725
2025-05-20T08:35:34,1685342.0357,2065899.684,1299806.4667,1014190.0247
2025-05-20T09:30:52,1698934.4844,2174907.4204,1317238.8122,1154018.0167
2025-05-20T10:17:43,1740287.6809,2232587.96,1352812.1405,1186785.4557
2025-05-20T11:19:13,1774866.1319,2332269.2093,1415182.67,1275230.5027
2025-05-20T12:21:40,1771003.9541999998,2331356.1936,1400881.233,1245779.6713999999
2025-05-20T13:15:28,1739231.0606,2516027.5489,1375207.5326,1147209.5498
2025-05-20T14:24:04,1715105.467,2394619.5373,1271389.651,1014608.7895
2025-05-20T15:13:48,1780391.1818,2457332.8891,1262219.2427,1157565.5166
2025-05-20T16:19:21,1944808.8133999999,2683380.6883,1386051.5622,1223532.2237
2025-05-20T17:16:11,1895603.659,2798507.317,1452100.6255,1286636.6732
2025-05-20T18:16:11,1888251.004,2767532.8886,1482034.8614,1246845.576
2025-05-20T19:16:01,1888587.3998999998,2763147.3423,1485441.2183,1320324.2108
2025-05-20T21:19:24,1862401.4486,2614650.1345,1356706.7871,1249219.9715
2025-05-20T23:10:43,1849550.4515,2484549.1221,1286316.3626,1133443.7497999999
2025-05-21T00:21:16,1832757.311,2496387.955,1264539.203,1133769.0455
2025-05-21T01:17:37,1816229.3501,2466460.2846,1228837.1066,1126964.8284
2025-05-21T02:25:20,1796358.166,2443807.6696,1195419.5155,1105447.1055
2025-05-21T03:16:58,1793311.8051,2422744.9844,1270570.2963,1089548.6129
2025-05-21T04:23:04,1794775.7509,2408951.3299000002,1242404.9079,1105493.2575
2025-05-21T05:19:11,1792611.4895,2363740.1862,1349421.8414,1089479.5392
2025-05-21T06:19:03,1806924.8089,2319382.2777,1429738.4524,1045301.442
2025-05-21T07:15:08,1801938.1446,2277207.4858,1479900.0006,1087471.0833
2025-05-21T08:34:29,1848254.968,2224633.3197,1590680.0766,967149.597
2025-05-21T09:29:44,1796123.5616000001,2269265.5592,1547865.5964,826287.0229
2025-05-21T10:17:51,1860300.302,2433318.7721,1501784.9004,1048882.8716
2025-05-21T11:19:45,1893315.3717,2494863.3012,1528054.5081,1081733.2682
2025-05-21T12:21:46,1979922.3166,2481830.0840000003,1554377.9252,1172840.1953
2025-05-21T13:15:35,1889471.6675999998,2344692.8707,1481894.6299,1194439.5703
2025-05-21T14:24:30,1885867.666,2329615.2434,1469808.9155,1107875.4185
2025-05-21T15:14:13,1927906.3882,2404082.6736,1492845.2275,1029743.5294
2025-05-21T16:19:01,1881227.4264,2509657.1708,1591115.0803,1020559.9153
2025-05-21T17:16:10,1841400.8383,2477767.8065,1632759.6364,1033860.0341
2025-05-21T18:16:20,1926736.8048,2487339.0648000003,1608146.9512,1073884.0765
2025-05-21T19:16:11,1861553.0358,2469891.4528,1562194.99,1093202.4896
2025-05-21T21:18:30,1766162.6646,2310502.8165,1521757.7577,964067.3982
2025-05-21T23:11:02,1734705.3622,2223003.6001,1445954.0685,954356.8179
2025-05-22T00:22:24,1711786.835,2227963.8783,1436261.8166,968074.0160000001
2025-05-22T01:17:53,1700535.5639000002,2211746.2208,1417831.9992,945850.846
2025-05-22T02:24:45,1690827.3969,2191142.8858,1378283.6332999999,925774.0271
2025-05-22T03:17:16,1687519.8020000001,2173655.846,1386212.2319,897149.6061
2025-05-22T04:22:48,1685634.9459000002,2153624.6044,1400537.4499,923527.1409
2025-05-22T05:18:32,1686092.4125,2107990.5174000002,1425242.4557,916750.7286
2025-05-22T06:18:45,1639749.0455,2220221.1568,1676168.8533,906722.4905
2025-05-22T07:15:38,1659529.2472,2135413.716,1670626.3996,853287.3566
2025-05-22T08:35:16,1486322.3944,2131078.8017,1541976.9964,768318.562
2025-05-22T09:30:03,1604189.8569,2446430.3624,1771362.8567000001,749873.066
2025-05-22T10:17:41,1811012.3676,2410947.5495,1747005.3422,735439.8225
2025-05-22T11:18:56,1830243.0516000001,2429510.3053,1645808.5194,801209.1846
2025-05-22T12:21:38,1810085.0027,2352031.2811,1576265.8891,889667.3872
2025-05-22T13:15:41,1808518.5705,2279300.5903,1480090.1293,936095.6485
2025-05-22T14:23:42,1713344.6351,2265092.8609,1513800.5264,1017412.6234
2025-05-22T15:14:13,1765850.4074000001,2214694.8098999998,1529138.302,1130289.9996
2025-05-22T16:19:30,1724408.9186,2254016.0613,1471758.4238,1140712.0825
2025-05-22T17:16:13,1684772.0592,2399022.5608,1499207.6311,1154379.9288
2025-05-22T18:16:45,1765094.4091,2458303.1106,1453872.2524,1146670.7377
2025-05-22T19:16:10,1762377.7605,2438487.0665,1466421.8802,1089808.9319
2025-05-22T21:18:34,1786378.1389000001,2335669.3427999998,1436242.6461,1069708.4387
2025-05-22T23:10:12,1701566.6472,2497078.8889,1372652.9216,1069575.2915
2025-05-23T00:20:39,1630347.7334,2417675.5474,1342761.6377,1054358.6015
2025-05-23T01:17:39,1597568.2227,2139181.5319,1282540.986,1015216.8027
2025-05-23T02:24:26,1590398.7939000002,2111450.7351,1256804.9398,972255.2755
2025-05-23T03:17:30,1587225.8232,2091021.0521,1249938.2023,946753.6383
2025-05-23T04:22:50,1579731.0488,2196505.1414,1293809.149,931199.1361
2025-05-23T05:18:39,1573350.8631000002,2204754.9449,1422404.3993,946997.3422
2025-05-23T06:18:50,1563648.3725,2130687.5836,1409828.3909,925213.8948
2025-05-23T07:14:57,1505236.1737,2131258.3386,1315423.9795,923432.91
2025-05-23T08:33:40,1676597.9298,2046383.3337,1399610.536,843701.908
2025-05-23T09:27:48,1821665.5268,2383381.1885,1575041.8496,1031442.5425
2025-05-23T10:16:52,1883879.8721,2468144.0474,1517066.9713,1017028.6334
2025-05-23T11:18:09,1928276.474,2507723.6567,1572504.3035,1026116.7886
2025-05-23T12:21:03,2008128.5779000001,2477578.8464,1603383.9675,1031474.1605
2025-05-23T13:16:05,2041923.0405000001,2480324.068,1543180.3039,1048230.7125
2025-05-23T14:22:16,1927072.09,2372656.1752,1465979.3296,1035618.5334
2025-05-23T15:13:58,1906979.7151,2288801.1399,1364926.3566,999364.0915
2025-05-23T16:19:12,1875241.0248,2258775.2732,1390072.2568,1060549.8629
2025-05-23T17:13:56,1860327.1127000002,2224527.886,1333337.6798,1065195.992
2025-05-23T18:16:29,1883257.5966,2233679.4086,1304309.2263,997975.1658
2025-05-23T19:16:25,1848388.9977000002,2156663.7604,1257750.6432,967643.1362
2025-05-23T21:15:39,1856094.2331,2002321.6786,1243130.2468,930817.0631
2025-05-23T23:04:38,1813173.0026,1894474.1772,1205839.221,962931.1836
2025-05-24T00:19:29,1835940.9844,1828285.8153000001,1173642.0153,970433.8517
2025-05-24T01:16:17,1827148.8104,1801105.9229,1151914.523,925477.0511
2025-05-24T02:21:36,1791505.8028000002,1730897.091,1077682.1973,924427.88
2025-05-24T03:15:16,1779893.3585,1713679.1824999999,1145367.9914,954118.3398
2025-05-24T04:19:59,1775460.8355,1698616.1796,1200034.3545,935588.9434
2025-05-24T05:16:29,1760122.2007000002,1741250.8873,1239672.204,928047.5402
2025-05-24T06:16:37,1758960.855,1716596.2737,1232596.2062,892901.1690999999
2025-05-24T07:13:15,1674712.6602,1630791.5044,1336132.8923,742962.8295
